{"level":"error","message":"Unhandled error: incomeService.getInterestIncome is not a function","path":"/api/income/interest","stack":"TypeError: incomeService.getInterestIncome is not a function\n    at D:\\Golden Asia\\ACCPAY\\backend\\admin-goldenasia-backend\\src\\controllers\\income.controller.js:12:38\n    at D:\\Golden Asia\\ACCPAY\\backend\\admin-goldenasia-backend\\src\\utils\\asyncHandler.js:3:21\n    at Layer.handle [as handle_request] (D:\\Golden Asia\\ACCPAY\\backend\\admin-goldenasia-backend\\node_modules\\express\\lib\\router\\layer.js:95:5)\n    at next (D:\\Golden Asia\\ACCPAY\\backend\\admin-goldenasia-backend\\node_modules\\express\\lib\\router\\route.js:149:13)\n    at Route.dispatch (D:\\Golden Asia\\ACCPAY\\backend\\admin-goldenasia-backend\\node_modules\\express\\lib\\router\\route.js:119:3)\n    at Layer.handle [as handle_request] (D:\\Golden Asia\\ACCPAY\\backend\\admin-goldenasia-backend\\node_modules\\express\\lib\\router\\layer.js:95:5)\n    at D:\\Golden Asia\\ACCPAY\\backend\\admin-goldenasia-backend\\node_modules\\express\\lib\\router\\index.js:284:15\n    at router.process_params (D:\\Golden Asia\\ACCPAY\\backend\\admin-goldenasia-backend\\node_modules\\express\\lib\\router\\index.js:346:12)\n    at next (D:\\Golden Asia\\ACCPAY\\backend\\admin-goldenasia-backend\\node_modules\\express\\lib\\router\\index.js:280:10)\n    at router.handle (D:\\Golden Asia\\ACCPAY\\backend\\admin-goldenasia-backend\\node_modules\\express\\lib\\router\\index.js:175:3)","timestamp":"2026-08-10T07:19:09.904Z"}
{"error":"Table 'goldenasia_db.branch' doesn't exist","level":"error","message":"adminDb query failed:","sql":"SELECT \n        li.*,\n        b.bname AS branch_name\n      FROM loan_interest_income li\n      LEFT JOIN branch b ON li.bcode = b.bcode\n      WHERE li.income_month = ?\n      ORDER BY li.loan_code","timestamp":"2026-08-10T07:20:04.560Z"}
{"code":"ER_NO_SUCH_TABLE","errno":1146,"level":"error","message":"[InterestIncome] Error fetching interest income: Table 'goldenasia_db.branch' doesn't exist","sql":"SELECT \n        li.*,\n        b.bname AS branch_name\n      FROM loan_interest_income li\n      LEFT JOIN branch b ON li.bcode = b.bcode\n      WHERE li.income_month = '2026-08'\n      ORDER BY li.loan_code","sqlMessage":"Table 'goldenasia_db.branch' doesn't exist","sqlState":"42S02","stack":"Error: Table 'goldenasia_db.branch' doesn't exist\n    at Object.query (D:\\Golden Asia\\ACCPAY\\backend\\admin-goldenasia-backend\\src\\db\\adminDb.js:6:36)\n    at Object.getInterestIncome (D:\\Golden Asia\\ACCPAY\\backend\\admin-goldenasia-backend\\src\\services\\income.service.js:169:43)\n    at D:\\Golden Asia\\ACCPAY\\backend\\admin-goldenasia-backend\\src\\controllers\\income.controller.js:12:38\n    at D:\\Golden Asia\\ACCPAY\\backend\\admin-goldenasia-backend\\src\\utils\\asyncHandler.js:3:21\n    at Layer.handle [as handle_request] (D:\\Golden Asia\\ACCPAY\\backend\\admin-goldenasia-backend\\node_modules\\express\\lib\\router\\layer.js:95:5)\n    at next (D:\\Golden Asia\\ACCPAY\\backend\\admin-goldenasia-backend\\node_modules\\express\\lib\\router\\route.js:149:13)\n    at Route.dispatch (D:\\Golden Asia\\ACCPAY\\backend\\admin-goldenasia-backend\\node_modules\\express\\lib\\router\\route.js:119:3)\n    at Layer.handle [as handle_request] (D:\\Golden Asia\\ACCPAY\\backend\\admin-goldenasia-backend\\node_modules\\express\\lib\\router\\layer.js:95:5)\n    at D:\\Golden Asia\\ACCPAY\\backend\\admin-goldenasia-backend\\node_modules\\express\\lib\\router\\index.js:284:15\n    at router.process_params (D:\\Golden Asia\\ACCPAY\\backend\\admin-goldenasia-backend\\node_modules\\express\\lib\\router\\index.js:346:12)","timestamp":"2026-08-10T07:20:04.560Z"}
{"level":"error","message":"[InterestIncome] Error stack:","timestamp":"2026-08-10T07:20:04.561Z"}
{"level":"error","message":"Unhandled error: Table 'goldenasia_db.branch' doesn't exist","path":"/api/income/interest","stack":"Error: Table 'goldenasia_db.branch' doesn't exist\n    at Object.query (D:\\Golden Asia\\ACCPAY\\backend\\admin-goldenasia-backend\\src\\db\\adminDb.js:6:36)\n    at Object.getInterestIncome (D:\\Golden Asia\\ACCPAY\\backend\\admin-goldenasia-backend\\src\\services\\income.service.js:169:43)\n    at D:\\Golden Asia\\ACCPAY\\backend\\admin-goldenasia-backend\\src\\controllers\\income.controller.js:12:38\n    at D:\\Golden Asia\\ACCPAY\\backend\\admin-goldenasia-backend\\src\\utils\\asyncHandler.js:3:21\n    at Layer.handle [as handle_request] (D:\\Golden Asia\\ACCPAY\\backend\\admin-goldenasia-backend\\node_modules\\express\\lib\\router\\layer.js:95:5)\n    at next (D:\\Golden Asia\\ACCPAY\\backend\\admin-goldenasia-backend\\node_modules\\express\\lib\\router\\route.js:149:13)\n    at Route.dispatch (D:\\Golden Asia\\ACCPAY\\backend\\admin-goldenasia-backend\\node_modules\\express\\lib\\router\\route.js:119:3)\n    at Layer.handle [as handle_request] (D:\\Golden Asia\\ACCPAY\\backend\\admin-goldenasia-backend\\node_modules\\express\\lib\\router\\layer.js:95:5)\n    at D:\\Golden Asia\\ACCPAY\\backend\\admin-goldenasia-backend\\node_modules\\express\\lib\\router\\index.js:284:15\n    at router.process_params (D:\\Golden Asia\\ACCPAY\\backend\\admin-goldenasia-backend\\node_modules\\express\\lib\\router\\index.js:346:12)","timestamp":"2026-08-10T07:20:04.561Z"}
{"error":"Unknown column 'payment_type' in 'where clause'","level":"error","message":"mainDb query failed:","sql":"SELECT \n            SUM(payment) AS total_paid,\n            COUNT(*) AS payment_count,\n            MIN(payment_date) AS first_payment_date,\n            MAX(payment_date) AS last_payment_date\n          FROM payments\n          WHERE loan_code = ?\n            AND payment_date < ?\n            AND payment_type IN ('cash', 'CDK', 'Online Payment', 'Bank Deposit')\n            AND status = 'approved'","timestamp":"2026-08-10T07:21:12.403Z"}
{"level":"error","message":"[InterestIncome] Error processing loan G01/008/002/06/20260804:","timestamp":"2026-08-10T07:21:12.404Z"}
{"level":"error","message":"[InterestIncome] Record data:","timestamp":"2026-08-10T07:21:12.405Z"}
{"error":"Unknown column 'payment_type' in 'where clause'","level":"error","message":"mainDb query failed:","sql":"SELECT \n            SUM(payment) AS total_paid,\n            COUNT(*) AS payment_count,\n            MIN(payment_date) AS first_payment_date,\n            MAX(payment_date) AS last_payment_date\n          FROM payments\n          WHERE loan_code = ?\n            AND payment_date < ?\n            AND payment_type IN ('cash', 'CDK', 'Online Payment', 'Bank Deposit')\n            AND status = 'approved'","timestamp":"2026-08-10T07:21:12.641Z"}
{"level":"error","message":"[InterestIncome] Error processing loan G01/012/001/02/20260805:","timestamp":"2026-08-10T07:21:12.642Z"}
{"level":"error","message":"[InterestIncome] Record data:","timestamp":"2026-08-10T07:21:12.642Z"}
{"error":"Unknown column 'payment_type' in 'where clause'","level":"error","message":"mainDb query failed:","sql":"SELECT \n            SUM(payment) AS total_paid,\n            COUNT(*) AS payment_count,\n            MIN(payment_date) AS first_payment_date,\n            MAX(payment_date) AS last_payment_date\n          FROM payments\n          WHERE loan_code = ?\n            AND payment_date < ?\n            AND payment_type IN ('cash', 'CDK', 'Online Payment', 'Bank Deposit')\n            AND status = 'approved'","timestamp":"2026-08-10T07:21:12.866Z"}
{"level":"error","message":"[InterestIncome] Error processing loan G01/013/002/72/20260806:","timestamp":"2026-08-10T07:21:12.866Z"}
{"level":"error","message":"[InterestIncome] Record data:","timestamp":"2026-08-10T07:21:12.867Z"}
{"error":"Unknown column 'payment_type' in 'where clause'","level":"error","message":"mainDb query failed:","sql":"SELECT \n            SUM(payment) AS total_paid,\n            COUNT(*) AS payment_count,\n            MIN(payment_date) AS first_payment_date,\n            MAX(payment_date) AS last_payment_date\n          FROM payments\n          WHERE loan_code = ?\n            AND payment_date < ?\n            AND payment_type IN ('cash', 'CDK', 'Online Payment', 'Bank Deposit')\n            AND status = 'approved'","timestamp":"2026-08-10T07:21:13.106Z"}
{"level":"error","message":"[InterestIncome] Error processing loan G01/013/006/11/20260806:","timestamp":"2026-08-10T07:21:13.107Z"}
{"level":"error","message":"[InterestIncome] Record data:","timestamp":"2026-08-10T07:21:13.108Z"}
{"error":"Unknown column 'payment_type' in 'where clause'","level":"error","message":"mainDb query failed:","sql":"SELECT \n            SUM(payment) AS total_paid,\n            COUNT(*) AS payment_count,\n            MIN(payment_date) AS first_payment_date,\n            MAX(payment_date) AS last_payment_date\n          FROM payments\n          WHERE loan_code = ?\n            AND payment_date < ?\n            AND payment_type IN ('cash', 'CDK', 'Online Payment', 'Bank Deposit')\n            AND status = 'approved'","timestamp":"2026-08-10T07:21:13.349Z"}
{"level":"error","message":"[InterestIncome] Error processing loan G01/013/008/71/20260806:","timestamp":"2026-08-10T07:21:13.350Z"}
{"level":"error","message":"[InterestIncome] Record data:","timestamp":"2026-08-10T07:21:13.351Z"}
{"error":"Unknown column 'payment_type' in 'where clause'","level":"error","message":"mainDb query failed:","sql":"SELECT \n            SUM(payment) AS total_paid,\n            COUNT(*) AS payment_count,\n            MIN(payment_date) AS first_payment_date,\n            MAX(payment_date) AS last_payment_date\n          FROM payments\n          WHERE loan_code = ?\n            AND payment_date < ?\n            AND payment_type IN ('cash', 'CDK', 'Online Payment', 'Bank Deposit')\n            AND status = 'approved'","timestamp":"2026-08-10T07:21:13.585Z"}
{"level":"error","message":"[InterestIncome] Error processing loan G01/013/011/97/20260806:","timestamp":"2026-08-10T07:21:13.585Z"}
{"level":"error","message":"[InterestIncome] Record data:","timestamp":"2026-08-10T07:21:13.586Z"}
{"error":"Unknown column 'payment_type' in 'where clause'","level":"error","message":"mainDb query failed:","sql":"SELECT \n            SUM(payment) AS total_paid,\n            COUNT(*) AS payment_count,\n            MIN(payment_date) AS first_payment_date,\n            MAX(payment_date) AS last_payment_date\n          FROM payments\n          WHERE loan_code = ?\n            AND payment_date < ?\n            AND payment_type IN ('cash', 'CDK', 'Online Payment', 'Bank Deposit')\n            AND status = 'approved'","timestamp":"2026-08-10T07:21:13.826Z"}
{"level":"error","message":"[InterestIncome] Error processing loan G01/018/001/12/20260806:","timestamp":"2026-08-10T07:21:13.828Z"}
{"level":"error","message":"[InterestIncome] Record data:","timestamp":"2026-08-10T07:21:13.828Z"}
{"error":"Unknown column 'payment_type' in 'where clause'","level":"error","message":"mainDb query failed:","sql":"SELECT \n            SUM(payment) AS total_paid,\n            COUNT(*) AS payment_count,\n            MIN(payment_date) AS first_payment_date,\n            MAX(payment_date) AS last_payment_date\n          FROM payments\n          WHERE loan_code = ?\n            AND payment_date < ?\n            AND payment_type IN ('cash', 'CDK', 'Online Payment', 'Bank Deposit')\n            AND status = 'approved'","timestamp":"2026-08-10T07:21:14.066Z"}
{"level":"error","message":"[InterestIncome] Error processing loan G01/022/002/25/20260805:","timestamp":"2026-08-10T07:21:14.067Z"}
{"level":"error","message":"[InterestIncome] Record data:","timestamp":"2026-08-10T07:21:14.068Z"}
{"error":"Unknown column 'payment_type' in 'where clause'","level":"error","message":"mainDb query failed:","sql":"SELECT \n            SUM(payment) AS total_paid,\n            COUNT(*) AS payment_count,\n            MIN(payment_date) AS first_payment_date,\n            MAX(payment_date) AS last_payment_date\n          FROM payments\n          WHERE loan_code = ?\n            AND payment_date < ?\n            AND payment_type IN ('cash', 'CDK', 'Online Payment', 'Bank Deposit')\n            AND status = 'approved'","timestamp":"2026-08-10T07:21:14.306Z"}
{"level":"error","message":"[InterestIncome] Error processing loan G01/022/003/09/20260805:","timestamp":"2026-08-10T07:21:14.306Z"}
{"level":"error","message":"[InterestIncome] Record data:","timestamp":"2026-08-10T07:21:14.307Z"}
{"error":"Unknown column 'payment_type' in 'where clause'","level":"error","message":"mainDb query failed:","sql":"SELECT \n            SUM(payment) AS total_paid,\n            COUNT(*) AS payment_count,\n            MIN(payment_date) AS first_payment_date,\n            MAX(payment_date) AS last_payment_date\n          FROM payments\n          WHERE loan_code = ?\n            AND payment_date < ?\n            AND payment_type IN ('cash', 'CDK', 'Online Payment', 'Bank Deposit')\n            AND status = 'approved'","timestamp":"2026-08-10T07:21:14.548Z"}
{"level":"error","message":"[InterestIncome] Error processing loan G01/023/001/02/20260804:","timestamp":"2026-08-10T07:21:14.549Z"}
{"level":"error","message":"[InterestIncome] Record data:","timestamp":"2026-08-10T07:21:14.549Z"}
{"error":"Unknown column 'payment_type' in 'where clause'","level":"error","message":"mainDb query failed:","sql":"SELECT \n            SUM(payment) AS total_paid,\n            COUNT(*) AS payment_count,\n            MIN(payment_date) AS first_payment_date,\n            MAX(payment_date) AS last_payment_date\n          FROM payments\n          WHERE loan_code = ?\n            AND payment_date < ?\n            AND payment_type IN ('cash', 'CDK', 'Online Payment', 'Bank Deposit')\n            AND status = 'approved'","timestamp":"2026-08-10T07:21:14.785Z"}
{"level":"error","message":"[InterestIncome] Error processing loan G01/038/005/25/20260803:","timestamp":"2026-08-10T07:21:14.786Z"}
{"level":"error","message":"[InterestIncome] Record data:","timestamp":"2026-08-10T07:21:14.786Z"}
{"error":"Unknown column 'payment_type' in 'where clause'","level":"error","message":"mainDb query failed:","sql":"SELECT \n            SUM(payment) AS total_paid,\n            COUNT(*) AS payment_count,\n            MIN(payment_date) AS first_payment_date,\n            MAX(payment_date) AS last_payment_date\n          FROM payments\n          WHERE loan_code = ?\n            AND payment_date < ?\n            AND payment_type IN ('cash', 'CDK', 'Online Payment', 'Bank Deposit')\n            AND status = 'approved'","timestamp":"2026-08-10T07:21:15.026Z"}
{"level":"error","message":"[InterestIncome] Error processing loan G01/043/003/10/20260804:","timestamp":"2026-08-10T07:21:15.027Z"}
{"level":"error","message":"[InterestIncome] Record data:","timestamp":"2026-08-10T07:21:15.028Z"}
{"error":"Unknown column 'payment_type' in 'where clause'","level":"error","message":"mainDb query failed:","sql":"SELECT \n            SUM(payment) AS total_paid,\n            COUNT(*) AS payment_count,\n            MIN(payment_date) AS first_payment_date,\n            MAX(payment_date) AS last_payment_date\n          FROM payments\n          WHERE loan_code = ?\n            AND payment_date < ?\n            AND payment_type IN ('cash', 'CDK', 'Online Payment', 'Bank Deposit')\n            AND status = 'approved'","timestamp":"2026-08-10T07:21:15.266Z"}
{"level":"error","message":"[InterestIncome] Error processing loan G01/049/001/02/20260804:","timestamp":"2026-08-10T07:21:15.266Z"}
{"level":"error","message":"[InterestIncome] Record data:","timestamp":"2026-08-10T07:21:15.267Z"}
{"error":"Unknown column 'payment_type' in 'where clause'","level":"error","message":"mainDb query failed:","sql":"SELECT \n            SUM(payment) AS total_paid,\n            COUNT(*) AS payment_count,\n            MIN(payment_date) AS first_payment_date,\n            MAX(payment_date) AS last_payment_date\n          FROM payments\n          WHERE loan_code = ?\n            AND payment_date < ?\n            AND payment_type IN ('cash', 'CDK', 'Online Payment', 'Bank Deposit')\n            AND status = 'approved'","timestamp":"2026-08-10T07:21:15.505Z"}
{"level":"error","message":"[InterestIncome] Error processing loan G01/050/004/20/20260804:","timestamp":"2026-08-10T07:21:15.506Z"}
{"level":"error","message":"[InterestIncome] Record data:","timestamp":"2026-08-10T07:21:15.506Z"}
{"error":"Unknown column 'payment_type' in 'where clause'","level":"error","message":"mainDb query failed:","sql":"SELECT \n            SUM(payment) AS total_paid,\n            COUNT(*) AS payment_count,\n            MIN(payment_date) AS first_payment_date,\n            MAX(payment_date) AS last_payment_date\n          FROM payments\n          WHERE loan_code = ?\n            AND payment_date < ?\n            AND payment_type IN ('cash', 'CDK', 'Online Payment', 'Bank Deposit')\n            AND status = 'approved'","timestamp":"2026-08-10T07:21:15.745Z"}
{"level":"error","message":"[InterestIncome] Error processing loan G01/051/001/02/20260803:","timestamp":"2026-08-10T07:21:15.745Z"}
{"level":"error","message":"[InterestIncome] Record data:","timestamp":"2026-08-10T07:21:15.746Z"}
{"error":"Unknown column 'payment_type' in 'where clause'","level":"error","message":"mainDb query failed:","sql":"SELECT \n            SUM(payment) AS total_paid,\n            COUNT(*) AS payment_count,\n            MIN(payment_date) AS first_payment_date,\n            MAX(payment_date) AS last_payment_date\n          FROM payments\n          WHERE loan_code = ?\n            AND payment_date < ?\n            AND payment_type IN ('cash', 'CDK', 'Online Payment', 'Bank Deposit')\n            AND status = 'approved'","timestamp":"2026-08-10T07:21:15.986Z"}
{"level":"error","message":"[InterestIncome] Error processing loan G01/056/002/07/20260804:","timestamp":"2026-08-10T07:21:15.988Z"}
{"level":"error","message":"[InterestIncome] Record data:","timestamp":"2026-08-10T07:21:15.989Z"}
{"error":"Unknown column 'payment_type' in 'where clause'","level":"error","message":"mainDb query failed:","sql":"SELECT \n            SUM(payment) AS total_paid,\n            COUNT(*) AS payment_count,\n            MIN(payment_date) AS first_payment_date,\n            MAX(payment_date) AS last_payment_date\n          FROM payments\n          WHERE loan_code = ?\n            AND payment_date < ?\n            AND payment_type IN ('cash', 'CDK', 'Online Payment', 'Bank Deposit')\n            AND status = 'approved'","timestamp":"2026-08-10T07:21:16.226Z"}
{"level":"error","message":"[InterestIncome] Error processing loan G01/066/001/05/20260803:","timestamp":"2026-08-10T07:21:16.228Z"}
{"level":"error","message":"[InterestIncome] Record data:","timestamp":"2026-08-10T07:21:16.228Z"}
{"error":"Unknown column 'payment_type' in 'where clause'","level":"error","message":"mainDb query failed:","sql":"SELECT \n            SUM(payment) AS total_paid,\n            COUNT(*) AS payment_count,\n            MIN(payment_date) AS first_payment_date,\n            MAX(payment_date) AS last_payment_date\n          FROM payments\n          WHERE loan_code = ?\n            AND payment_date < ?\n            AND payment_type IN ('cash', 'CDK', 'Online Payment', 'Bank Deposit')\n            AND status = 'approved'","timestamp":"2026-08-10T07:21:16.480Z"}
{"level":"error","message":"[InterestIncome] Error processing loan G01/073/002/37/20260805:","timestamp":"2026-08-10T07:21:16.481Z"}
{"level":"error","message":"[InterestIncome] Record data:","timestamp":"2026-08-10T07:21:16.481Z"}
{"error":"Unknown column 'payment_type' in 'where clause'","level":"error","message":"mainDb query failed:","sql":"SELECT \n            SUM(payment) AS total_paid,\n            COUNT(*) AS payment_count,\n            MIN(payment_date) AS first_payment_date,\n            MAX(payment_date) AS last_payment_date\n          FROM payments\n          WHERE loan_code = ?\n            AND payment_date < ?\n            AND payment_type IN ('cash', 'CDK', 'Online Payment', 'Bank Deposit')\n            AND status = 'approved'","timestamp":"2026-08-10T07:21:16.706Z"}
{"level":"error","message":"[InterestIncome] Error processing loan G01/073/006/14/20260805:","timestamp":"2026-08-10T07:21:16.707Z"}
{"level":"error","message":"[InterestIncome] Record data:","timestamp":"2026-08-10T07:21:16.708Z"}
{"error":"Unknown column 'payment_type' in 'where clause'","level":"error","message":"mainDb query failed:","sql":"SELECT \n            SUM(payment) AS total_paid,\n            COUNT(*) AS payment_count,\n            MIN(payment_date) AS first_payment_date,\n            MAX(payment_date) AS last_payment_date\n          FROM payments\n          WHERE loan_code = ?\n            AND payment_date < ?\n            AND payment_type IN ('cash', 'CDK', 'Online Payment', 'Bank Deposit')\n            AND status = 'approved'","timestamp":"2026-08-10T07:21:16.960Z"}
{"level":"error","message":"[InterestIncome] Error processing loan G01/073/013/41/20260805:","timestamp":"2026-08-10T07:21:16.961Z"}
{"level":"error","message":"[InterestIncome] Record data:","timestamp":"2026-08-10T07:21:16.962Z"}
{"error":"Unknown column 'payment_type' in 'where clause'","level":"error","message":"mainDb query failed:","sql":"SELECT \n            SUM(payment) AS total_paid,\n            COUNT(*) AS payment_count,\n            MIN(payment_date) AS first_payment_date,\n            MAX(payment_date) AS last_payment_date\n          FROM payments\n          WHERE loan_code = ?\n            AND payment_date < ?\n            AND payment_type IN ('cash', 'CDK', 'Online Payment', 'Bank Deposit')\n            AND status = 'approved'","timestamp":"2026-08-10T07:21:17.186Z"}
{"level":"error","message":"[InterestIncome] Error processing loan G01/074/006/20/20260806:","timestamp":"2026-08-10T07:21:17.187Z"}
{"level":"error","message":"[InterestIncome] Record data:","timestamp":"2026-08-10T07:21:17.188Z"}
{"error":"Unknown column 'payment_type' in 'where clause'","level":"error","message":"mainDb query failed:","sql":"SELECT \n            SUM(payment) AS total_paid,\n            COUNT(*) AS payment_count,\n            MIN(payment_date) AS first_payment_date,\n            MAX(payment_date) AS last_payment_date\n          FROM payments\n          WHERE loan_code = ?\n            AND payment_date < ?\n            AND payment_type IN ('cash', 'CDK', 'Online Payment', 'Bank Deposit')\n            AND status = 'approved'","timestamp":"2026-08-10T07:21:17.427Z"}
{"level":"error","message":"[InterestIncome] Error processing loan G01/074/006/26/20260806:","timestamp":"2026-08-10T07:21:17.428Z"}
{"level":"error","message":"[InterestIncome] Record data:","timestamp":"2026-08-10T07:21:17.428Z"}
{"error":"Unknown column 'payment_type' in 'where clause'","level":"error","message":"mainDb query failed:","sql":"SELECT \n            SUM(payment) AS total_paid,\n            COUNT(*) AS payment_count,\n            MIN(payment_date) AS first_payment_date,\n            MAX(payment_date) AS last_payment_date\n          FROM payments\n          WHERE loan_code = ?\n            AND payment_date < ?\n            AND payment_type IN ('cash', 'CDK', 'Online Payment', 'Bank Deposit')\n            AND status = 'approved'","timestamp":"2026-08-10T07:21:17.665Z"}
{"level":"error","message":"[InterestIncome] Error processing loan G01/075/002/06/20260806:","timestamp":"2026-08-10T07:21:17.666Z"}
{"level":"error","message":"[InterestIncome] Record data:","timestamp":"2026-08-10T07:21:17.667Z"}
{"error":"Unknown column 'payment_type' in 'where clause'","level":"error","message":"mainDb query failed:","sql":"SELECT \n            SUM(payment) AS total_paid,\n            COUNT(*) AS payment_count,\n            MIN(payment_date) AS first_payment_date,\n            MAX(payment_date) AS last_payment_date\n          FROM payments\n          WHERE loan_code = ?\n            AND payment_date < ?\n            AND payment_type IN ('cash', 'CDK', 'Online Payment', 'Bank Deposit')\n            AND status = 'approved'","timestamp":"2026-08-10T07:21:17.906Z"}
{"level":"error","message":"[InterestIncome] Error processing loan G01/082/006/30/20260805:","timestamp":"2026-08-10T07:21:17.907Z"}
{"level":"error","message":"[InterestIncome] Record data:","timestamp":"2026-08-10T07:21:17.908Z"}
{"error":"Unknown column 'payment_type' in 'where clause'","level":"error","message":"mainDb query failed:","sql":"SELECT \n            SUM(payment) AS total_paid,\n            COUNT(*) AS payment_count,\n            MIN(payment_date) AS first_payment_date,\n            MAX(payment_date) AS last_payment_date\n          FROM payments\n          WHERE loan_code = ?\n            AND payment_date < ?\n            AND payment_type IN ('cash', 'CDK', 'Online Payment', 'Bank Deposit')\n            AND status = 'approved'","timestamp":"2026-08-10T07:21:18.145Z"}
{"level":"error","message":"[InterestIncome] Error processing loan G01/085/002/10/20260804:","timestamp":"2026-08-10T07:21:18.146Z"}
{"level":"error","message":"[InterestIncome] Record data:","timestamp":"2026-08-10T07:21:18.147Z"}
{"error":"Unknown column 'payment_type' in 'where clause'","level":"error","message":"mainDb query failed:","sql":"SELECT \n            SUM(payment) AS total_paid,\n            COUNT(*) AS payment_count,\n            MIN(payment_date) AS first_payment_date,\n            MAX(payment_date) AS last_payment_date\n          FROM payments\n          WHERE loan_code = ?\n            AND payment_date < ?\n            AND payment_type IN ('cash', 'CDK', 'Online Payment', 'Bank Deposit')\n            AND status = 'approved'","timestamp":"2026-08-10T07:21:18.399Z"}
{"level":"error","message":"[InterestIncome] Error processing loan G01/086/001/01/20260803:","timestamp":"2026-08-10T07:21:18.400Z"}
{"level":"error","message":"[InterestIncome] Record data:","timestamp":"2026-08-10T07:21:18.400Z"}
{"error":"Unknown column 'payment_type' in 'where clause'","level":"error","message":"mainDb query failed:","sql":"SELECT \n            SUM(payment) AS total_paid,\n            COUNT(*) AS payment_count,\n            MIN(payment_date) AS first_payment_date,\n            MAX(payment_date) AS last_payment_date\n          FROM payments\n          WHERE loan_code = ?\n            AND payment_date < ?\n            AND payment_type IN ('cash', 'CDK', 'Online Payment', 'Bank Deposit')\n            AND status = 'approved'","timestamp":"2026-08-10T07:21:18.630Z"}
{"level":"error","message":"[InterestIncome] Error processing loan G01/099/002/09/20260804:","timestamp":"2026-08-10T07:21:18.632Z"}
{"level":"error","message":"[InterestIncome] Record data:","timestamp":"2026-08-10T07:21:18.632Z"}
{"error":"Unknown column 'payment_type' in 'where clause'","level":"error","message":"mainDb query failed:","sql":"SELECT \n            SUM(payment) AS total_paid,\n            COUNT(*) AS payment_count,\n            MIN(payment_date) AS first_payment_date,\n            MAX(payment_date) AS last_payment_date\n          FROM payments\n          WHERE loan_code = ?\n            AND payment_date < ?\n            AND payment_type IN ('cash', 'CDK', 'Online Payment', 'Bank Deposit')\n            AND status = 'approved'","timestamp":"2026-08-10T07:21:18.850Z"}
{"level":"error","message":"[InterestIncome] Error processing loan G01/105/003/08/20260806:","timestamp":"2026-08-10T07:21:18.851Z"}
{"level":"error","message":"[InterestIncome] Record data:","timestamp":"2026-08-10T07:21:18.851Z"}
{"error":"Unknown column 'payment_type' in 'where clause'","level":"error","message":"mainDb query failed:","sql":"SELECT \n            SUM(payment) AS total_paid,\n            COUNT(*) AS payment_count,\n            MIN(payment_date) AS first_payment_date,\n            MAX(payment_date) AS last_payment_date\n          FROM payments\n          WHERE loan_code = ?\n            AND payment_date < ?\n            AND payment_type IN ('cash', 'CDK', 'Online Payment', 'Bank Deposit')\n            AND status = 'approved'","timestamp":"2026-08-10T07:21:19.070Z"}
{"level":"error","message":"[InterestIncome] Error processing loan G01/105/005/19/20260806:","timestamp":"2026-08-10T07:21:19.071Z"}
{"level":"error","message":"[InterestIncome] Record data:","timestamp":"2026-08-10T07:21:19.072Z"}
{"error":"Unknown column 'payment_type' in 'where clause'","level":"error","message":"mainDb query failed:","sql":"SELECT \n            SUM(payment) AS total_paid,\n            COUNT(*) AS payment_count,\n            MIN(payment_date) AS first_payment_date,\n            MAX(payment_date) AS last_payment_date\n          FROM payments\n          WHERE loan_code = ?\n            AND payment_date < ?\n            AND payment_type IN ('cash', 'CDK', 'Online Payment', 'Bank Deposit')\n            AND status = 'approved'","timestamp":"2026-08-10T07:21:19.306Z"}
{"level":"error","message":"[InterestIncome] Error processing loan G01/106/001/02/20260805:","timestamp":"2026-08-10T07:21:19.307Z"}
{"level":"error","message":"[InterestIncome] Record data:","timestamp":"2026-08-10T07:21:19.307Z"}
{"error":"Unknown column 'payment_type' in 'where clause'","level":"error","message":"mainDb query failed:","sql":"SELECT \n            SUM(payment) AS total_paid,\n            COUNT(*) AS payment_count,\n            MIN(payment_date) AS first_payment_date,\n            MAX(payment_date) AS last_payment_date\n          FROM payments\n          WHERE loan_code = ?\n            AND payment_date < ?\n            AND payment_type IN ('cash', 'CDK', 'Online Payment', 'Bank Deposit')\n            AND status = 'approved'","timestamp":"2026-08-10T07:21:19.545Z"}
{"level":"error","message":"[InterestIncome] Error processing loan G01/106/004/20/20260805:","timestamp":"2026-08-10T07:21:19.546Z"}
{"level":"error","message":"[InterestIncome] Record data:","timestamp":"2026-08-10T07:21:19.546Z"}
{"error":"Unknown column 'payment_type' in 'where clause'","level":"error","message":"mainDb query failed:","sql":"SELECT \n            SUM(payment) AS total_paid,\n            COUNT(*) AS payment_count,\n            MIN(payment_date) AS first_payment_date,\n            MAX(payment_date) AS last_payment_date\n          FROM payments\n          WHERE loan_code = ?\n            AND payment_date < ?\n            AND payment_type IN ('cash', 'CDK', 'Online Payment', 'Bank Deposit')\n            AND status = 'approved'","timestamp":"2026-08-10T07:21:19.787Z"}
{"level":"error","message":"[InterestIncome] Error processing loan G01/109/003/10/20260805:","timestamp":"2026-08-10T07:21:19.788Z"}
{"level":"error","message":"[InterestIncome] Record data:","timestamp":"2026-08-10T07:21:19.788Z"}
{"error":"Unknown column 'payment_type' in 'where clause'","level":"error","message":"mainDb query failed:","sql":"SELECT \n            SUM(payment) AS total_paid,\n            COUNT(*) AS payment_count,\n            MIN(payment_date) AS first_payment_date,\n            MAX(payment_date) AS last_payment_date\n          FROM payments\n          WHERE loan_code = ?\n            AND payment_date < ?\n            AND payment_type IN ('cash', 'CDK', 'Online Payment', 'Bank Deposit')\n            AND status = 'approved'","timestamp":"2026-08-10T07:21:20.028Z"}
{"level":"error","message":"[InterestIncome] Error processing loan G01/113/001/03/20260806:","timestamp":"2026-08-10T07:21:20.029Z"}
{"level":"error","message":"[InterestIncome] Record data:","timestamp":"2026-08-10T07:21:20.031Z"}
{"error":"Unknown column 'payment_type' in 'where clause'","level":"error","message":"mainDb query failed:","sql":"SELECT \n            SUM(payment) AS total_paid,\n            COUNT(*) AS payment_count,\n            MIN(payment_date) AS first_payment_date,\n            MAX(payment_date) AS last_payment_date\n          FROM payments\n          WHERE loan_code = ?\n            AND payment_date < ?\n            AND payment_type IN ('cash', 'CDK', 'Online Payment', 'Bank Deposit')\n            AND status = 'approved'","timestamp":"2026-08-10T07:21:20.241Z"}
{"level":"error","message":"[InterestIncome] Error processing loan G01/113/002/07/20260806:","timestamp":"2026-08-10T07:21:20.242Z"}
{"level":"error","message":"[InterestIncome] Record data:","timestamp":"2026-08-10T07:21:20.242Z"}
{"error":"Unknown column 'payment_type' in 'where clause'","level":"error","message":"mainDb query failed:","sql":"SELECT \n            SUM(payment) AS total_paid,\n            COUNT(*) AS payment_count,\n            MIN(payment_date) AS first_payment_date,\n            MAX(payment_date) AS last_payment_date\n          FROM payments\n          WHERE loan_code = ?\n            AND payment_date < ?\n            AND payment_type IN ('cash', 'CDK', 'Online Payment', 'Bank Deposit')\n            AND status = 'approved'","timestamp":"2026-08-10T07:21:20.480Z"}
{"level":"error","message":"[InterestIncome] Error processing loan G01/119/001/02/20260804:","timestamp":"2026-08-10T07:21:20.481Z"}
{"level":"error","message":"[InterestIncome] Record data:","timestamp":"2026-08-10T07:21:20.481Z"}
{"error":"Unknown column 'payment_type' in 'where clause'","level":"error","message":"mainDb query failed:","sql":"SELECT \n            SUM(payment) AS total_paid,\n            COUNT(*) AS payment_count,\n            MIN(payment_date) AS first_payment_date,\n            MAX(payment_date) AS last_payment_date\n          FROM payments\n          WHERE loan_code = ?\n            AND payment_date < ?\n            AND payment_type IN ('cash', 'CDK', 'Online Payment', 'Bank Deposit')\n            AND status = 'approved'","timestamp":"2026-08-10T07:21:20.724Z"}
{"level":"error","message":"[InterestIncome] Error processing loan G01/129/005/20/20260803:","timestamp":"2026-08-10T07:21:20.724Z"}
{"level":"error","message":"[InterestIncome] Record data:","timestamp":"2026-08-10T07:21:20.725Z"}
{"error":"Unknown column 'payment_type' in 'where clause'","level":"error","message":"mainDb query failed:","sql":"SELECT \n            SUM(payment) AS total_paid,\n            COUNT(*) AS payment_count,\n            MIN(payment_date) AS first_payment_date,\n            MAX(payment_date) AS last_payment_date\n          FROM payments\n          WHERE loan_code = ?\n            AND payment_date < ?\n            AND payment_type IN ('cash', 'CDK', 'Online Payment', 'Bank Deposit')\n            AND status = 'approved'","timestamp":"2026-08-10T07:21:20.946Z"}
{"level":"error","message":"[InterestIncome] Error processing loan G01/130/001/01/20260803:","timestamp":"2026-08-10T07:21:20.947Z"}
{"level":"error","message":"[InterestIncome] Record data:","timestamp":"2026-08-10T07:21:20.948Z"}
{"error":"Unknown column 'payment_type' in 'where clause'","level":"error","message":"mainDb query failed:","sql":"SELECT \n            SUM(payment) AS total_paid,\n            COUNT(*) AS payment_count,\n            MIN(payment_date) AS first_payment_date,\n            MAX(payment_date) AS last_payment_date\n          FROM payments\n          WHERE loan_code = ?\n            AND payment_date < ?\n            AND payment_type IN ('cash', 'CDK', 'Online Payment', 'Bank Deposit')\n            AND status = 'approved'","timestamp":"2026-08-10T07:21:21.194Z"}
{"level":"error","message":"[InterestIncome] Error processing loan G01/132/004/11/20260803:","timestamp":"2026-08-10T07:21:21.195Z"}
{"level":"error","message":"[InterestIncome] Record data:","timestamp":"2026-08-10T07:21:21.196Z"}
{"error":"Unknown column 'payment_type' in 'where clause'","level":"error","message":"mainDb query failed:","sql":"SELECT \n            SUM(payment) AS total_paid,\n            COUNT(*) AS payment_count,\n            MIN(payment_date) AS first_payment_date,\n            MAX(payment_date) AS last_payment_date\n          FROM payments\n          WHERE loan_code = ?\n            AND payment_date < ?\n            AND payment_type IN ('cash', 'CDK', 'Online Payment', 'Bank Deposit')\n            AND status = 'approved'","timestamp":"2026-08-10T07:21:21.426Z"}
{"level":"error","message":"[InterestIncome] Error processing loan G01/140/002/05/20260804:","timestamp":"2026-08-10T07:21:21.426Z"}
{"level":"error","message":"[InterestIncome] Record data:","timestamp":"2026-08-10T07:21:21.426Z"}
{"error":"Unknown column 'payment_type' in 'where clause'","level":"error","message":"mainDb query failed:","sql":"SELECT \n            SUM(payment) AS total_paid,\n            COUNT(*) AS payment_count,\n            MIN(payment_date) AS first_payment_date,\n            MAX(payment_date) AS last_payment_date\n          FROM payments\n          WHERE loan_code = ?\n            AND payment_date < ?\n            AND payment_type IN ('cash', 'CDK', 'Online Payment', 'Bank Deposit')\n            AND status = 'approved'","timestamp":"2026-08-10T07:21:21.666Z"}
{"level":"error","message":"[InterestIncome] Error processing loan G01/140/005/21/20260804:","timestamp":"2026-08-10T07:21:21.667Z"}
{"level":"error","message":"[InterestIncome] Record data:","timestamp":"2026-08-10T07:21:21.667Z"}
{"error":"Unknown column 'payment_type' in 'where clause'","level":"error","message":"mainDb query failed:","sql":"SELECT \n            SUM(payment) AS total_paid,\n            COUNT(*) AS payment_count,\n            MIN(payment_date) AS first_payment_date,\n            MAX(payment_date) AS last_payment_date\n          FROM payments\n          WHERE loan_code = ?\n            AND payment_date < ?\n            AND payment_type IN ('cash', 'CDK', 'Online Payment', 'Bank Deposit')\n            AND status = 'approved'","timestamp":"2026-08-10T07:21:21.891Z"}
{"level":"error","message":"[InterestIncome] Error processing loan G01/140/005/22/20260804:","timestamp":"2026-08-10T07:21:21.892Z"}
{"level":"error","message":"[InterestIncome] Record data:","timestamp":"2026-08-10T07:21:21.892Z"}
{"error":"Unknown column 'payment_type' in 'where clause'","level":"error","message":"mainDb query failed:","sql":"SELECT \n            SUM(payment) AS total_paid,\n            COUNT(*) AS payment_count,\n            MIN(payment_date) AS first_payment_date,\n            MAX(payment_date) AS last_payment_date\n          FROM payments\n          WHERE loan_code = ?\n            AND payment_date < ?\n            AND payment_type IN ('cash', 'CDK', 'Online Payment', 'Bank Deposit')\n            AND status = 'approved'","timestamp":"2026-08-10T07:21:22.105Z"}
{"level":"error","message":"[InterestIncome] Error processing loan G01/142/002/06/20260805:","timestamp":"2026-08-10T07:21:22.106Z"}
{"level":"error","message":"[InterestIncome] Record data:","timestamp":"2026-08-10T07:21:22.106Z"}
{"error":"Unknown column 'payment_type' in 'where clause'","level":"error","message":"mainDb query failed:","sql":"SELECT \n            SUM(payment) AS total_paid,\n            COUNT(*) AS payment_count,\n            MIN(payment_date) AS first_payment_date,\n            MAX(payment_date) AS last_payment_date\n          FROM payments\n          WHERE loan_code = ?\n            AND payment_date < ?\n            AND payment_type IN ('cash', 'CDK', 'Online Payment', 'Bank Deposit')\n            AND status = 'approved'","timestamp":"2026-08-10T07:21:22.344Z"}
{"level":"error","message":"[InterestIncome] Error processing loan G01/143/005/22/20260805:","timestamp":"2026-08-10T07:21:22.345Z"}
{"level":"error","message":"[InterestIncome] Record data:","timestamp":"2026-08-10T07:21:22.345Z"}
{"error":"Unknown column 'payment_type' in 'where clause'","level":"error","message":"mainDb query failed:","sql":"SELECT \n            SUM(payment) AS total_paid,\n            COUNT(*) AS payment_count,\n            MIN(payment_date) AS first_payment_date,\n            MAX(payment_date) AS last_payment_date\n          FROM payments\n          WHERE loan_code = ?\n            AND payment_date < ?\n            AND payment_type IN ('cash', 'CDK', 'Online Payment', 'Bank Deposit')\n            AND status = 'approved'","timestamp":"2026-08-10T07:21:22.586Z"}
{"level":"error","message":"[InterestIncome] Error processing loan G01/200/001/03/20260805:","timestamp":"2026-08-10T07:21:22.586Z"}
{"level":"error","message":"[InterestIncome] Record data:","timestamp":"2026-08-10T07:21:22.587Z"}
{"error":"Unknown column 'payment_type' in 'where clause'","level":"error","message":"mainDb query failed:","sql":"SELECT \n            SUM(payment) AS total_paid,\n            COUNT(*) AS payment_count,\n            MIN(payment_date) AS first_payment_date,\n            MAX(payment_date) AS last_payment_date\n          FROM payments\n          WHERE loan_code = ?\n            AND payment_date < ?\n            AND payment_type IN ('cash', 'CDK', 'Online Payment', 'Bank Deposit')\n            AND status = 'approved'","timestamp":"2026-08-10T07:21:22.840Z"}
{"level":"error","message":"[InterestIncome] Error processing loan G01/201/001/03/20260803:","timestamp":"2026-08-10T07:21:22.841Z"}
{"level":"error","message":"[InterestIncome] Record data:","timestamp":"2026-08-10T07:21:22.842Z"}
{"error":"Unknown column 'payment_type' in 'where clause'","level":"error","message":"mainDb query failed:","sql":"SELECT \n            SUM(payment) AS total_paid,\n            COUNT(*) AS payment_count,\n            MIN(payment_date) AS first_payment_date,\n            MAX(payment_date) AS last_payment_date\n          FROM payments\n          WHERE loan_code = ?\n            AND payment_date < ?\n            AND payment_type IN ('cash', 'CDK', 'Online Payment', 'Bank Deposit')\n            AND status = 'approved'","timestamp":"2026-08-10T07:21:23.066Z"}
{"level":"error","message":"[InterestIncome] Error processing loan G01/206/002/07/20260803:","timestamp":"2026-08-10T07:21:23.067Z"}
{"level":"error","message":"[InterestIncome] Record data:","timestamp":"2026-08-10T07:21:23.068Z"}
{"error":"Unknown column 'payment_type' in 'where clause'","level":"error","message":"mainDb query failed:","sql":"SELECT \n            SUM(payment) AS total_paid,\n            COUNT(*) AS payment_count,\n            MIN(payment_date) AS first_payment_date,\n            MAX(payment_date) AS last_payment_date\n          FROM payments\n          WHERE loan_code = ?\n            AND payment_date < ?\n            AND payment_type IN ('cash', 'CDK', 'Online Payment', 'Bank Deposit')\n            AND status = 'approved'","timestamp":"2026-08-10T07:21:23.309Z"}
{"level":"error","message":"[InterestIncome] Error processing loan G01/206/002/08/20260803:","timestamp":"2026-08-10T07:21:23.310Z"}
{"level":"error","message":"[InterestIncome] Record data:","timestamp":"2026-08-10T07:21:23.311Z"}
{"error":"Unknown column 'payment_type' in 'where clause'","level":"error","message":"mainDb query failed:","sql":"SELECT \n            SUM(payment) AS total_paid,\n            COUNT(*) AS payment_count,\n            MIN(payment_date) AS first_payment_date,\n            MAX(payment_date) AS last_payment_date\n          FROM payments\n          WHERE loan_code = ?\n            AND payment_date < ?\n            AND payment_type IN ('cash', 'CDK', 'Online Payment', 'Bank Deposit')\n            AND status = 'approved'","timestamp":"2026-08-10T07:21:23.560Z"}
{"level":"error","message":"[InterestIncome] Error processing loan G01/206/002/09/20260803:","timestamp":"2026-08-10T07:21:23.561Z"}
{"level":"error","message":"[InterestIncome] Record data:","timestamp":"2026-08-10T07:21:23.561Z"}
{"error":"Unknown column 'payment_type' in 'where clause'","level":"error","message":"mainDb query failed:","sql":"SELECT \n            SUM(payment) AS total_paid,\n            COUNT(*) AS payment_count,\n            MIN(payment_date) AS first_payment_date,\n            MAX(payment_date) AS last_payment_date\n          FROM payments\n          WHERE loan_code = ?\n            AND payment_date < ?\n            AND payment_type IN ('cash', 'CDK', 'Online Payment', 'Bank Deposit')\n            AND status = 'approved'","timestamp":"2026-08-10T07:21:23.786Z"}
{"level":"error","message":"[InterestIncome] Error processing loan G01/206/002/10/20260803:","timestamp":"2026-08-10T07:21:23.787Z"}
{"level":"error","message":"[InterestIncome] Record data:","timestamp":"2026-08-10T07:21:23.788Z"}
{"error":"Unknown column 'payment_type' in 'where clause'","level":"error","message":"mainDb query failed:","sql":"SELECT \n            SUM(payment) AS total_paid,\n            COUNT(*) AS payment_count,\n            MIN(payment_date) AS first_payment_date,\n            MAX(payment_date) AS last_payment_date\n          FROM payments\n          WHERE loan_code = ?\n            AND payment_date < ?\n            AND payment_type IN ('cash', 'CDK', 'Online Payment', 'Bank Deposit')\n            AND status = 'approved'","timestamp":"2026-08-10T07:21:24.027Z"}
{"level":"error","message":"[InterestIncome] Error processing loan G01/206/003/11/20260803:","timestamp":"2026-08-10T07:21:24.028Z"}
{"level":"error","message":"[InterestIncome] Record data:","timestamp":"2026-08-10T07:21:24.028Z"}
{"error":"Unknown column 'payment_type' in 'where clause'","level":"error","message":"mainDb query failed:","sql":"SELECT \n            SUM(payment) AS total_paid,\n            COUNT(*) AS payment_count,\n            MIN(payment_date) AS first_payment_date,\n            MAX(payment_date) AS last_payment_date\n          FROM payments\n          WHERE loan_code = ?\n            AND payment_date < ?\n            AND payment_type IN ('cash', 'CDK', 'Online Payment', 'Bank Deposit')\n            AND status = 'approved'","timestamp":"2026-08-10T07:21:24.266Z"}
{"level":"error","message":"[InterestIncome] Error processing loan G01/206/003/12/20260803:","timestamp":"2026-08-10T07:21:24.267Z"}
{"level":"error","message":"[InterestIncome] Record data:","timestamp":"2026-08-10T07:21:24.267Z"}
{"error":"Unknown column 'payment_type' in 'where clause'","level":"error","message":"mainDb query failed:","sql":"SELECT \n            SUM(payment) AS total_paid,\n            COUNT(*) AS payment_count,\n            MIN(payment_date) AS first_payment_date,\n            MAX(payment_date) AS last_payment_date\n          FROM payments\n          WHERE loan_code = ?\n            AND payment_date < ?\n            AND payment_type IN ('cash', 'CDK', 'Online Payment', 'Bank Deposit')\n            AND status = 'approved'","timestamp":"2026-08-10T07:21:24.506Z"}
{"level":"error","message":"[InterestIncome] Error processing loan G01/302/003/13/20260803:","timestamp":"2026-08-10T07:21:24.507Z"}
{"level":"error","message":"[InterestIncome] Record data:","timestamp":"2026-08-10T07:21:24.507Z"}
{"error":"Unknown column 'payment_type' in 'where clause'","level":"error","message":"mainDb query failed:","sql":"SELECT \n            SUM(payment) AS total_paid,\n            COUNT(*) AS payment_count,\n            MIN(payment_date) AS first_payment_date,\n            MAX(payment_date) AS last_payment_date\n          FROM payments\n          WHERE loan_code = ?\n            AND payment_date < ?\n            AND payment_type IN ('cash', 'CDK', 'Online Payment', 'Bank Deposit')\n            AND status = 'approved'","timestamp":"2026-08-10T07:21:24.760Z"}
{"level":"error","message":"[InterestIncome] Error processing loan G01/305/003/15/20260805:","timestamp":"2026-08-10T07:21:24.760Z"}
{"level":"error","message":"[InterestIncome] Record data:","timestamp":"2026-08-10T07:21:24.761Z"}
{"error":"Unknown column 'payment_type' in 'where clause'","level":"error","message":"mainDb query failed:","sql":"SELECT \n            SUM(payment) AS total_paid,\n            COUNT(*) AS payment_count,\n            MIN(payment_date) AS first_payment_date,\n            MAX(payment_date) AS last_payment_date\n          FROM payments\n          WHERE loan_code = ?\n            AND payment_date < ?\n            AND payment_type IN ('cash', 'CDK', 'Online Payment', 'Bank Deposit')\n            AND status = 'approved'","timestamp":"2026-08-10T07:21:25.027Z"}
{"level":"error","message":"[InterestIncome] Error processing loan G01/306/002/11/20260804:","timestamp":"2026-08-10T07:21:25.028Z"}
{"level":"error","message":"[InterestIncome] Record data:","timestamp":"2026-08-10T07:21:25.028Z"}
{"error":"Unknown column 'payment_type' in 'where clause'","level":"error","message":"mainDb query failed:","sql":"SELECT \n            SUM(payment) AS total_paid,\n            COUNT(*) AS payment_count,\n            MIN(payment_date) AS first_payment_date,\n            MAX(payment_date) AS last_payment_date\n          FROM payments\n          WHERE loan_code = ?\n            AND payment_date < ?\n            AND payment_type IN ('cash', 'CDK', 'Online Payment', 'Bank Deposit')\n            AND status = 'approved'","timestamp":"2026-08-10T07:21:25.267Z"}
{"level":"error","message":"[InterestIncome] Error processing loan G02/004/001/14/20260804:","timestamp":"2026-08-10T07:21:25.268Z"}
{"level":"error","message":"[InterestIncome] Record data:","timestamp":"2026-08-10T07:21:25.268Z"}
{"error":"Unknown column 'payment_type' in 'where clause'","level":"error","message":"mainDb query failed:","sql":"SELECT \n            SUM(payment) AS total_paid,\n            COUNT(*) AS payment_count,\n            MIN(payment_date) AS first_payment_date,\n            MAX(payment_date) AS last_payment_date\n          FROM payments\n          WHERE loan_code = ?\n            AND payment_date < ?\n            AND payment_type IN ('cash', 'CDK', 'Online Payment', 'Bank Deposit')\n            AND status = 'approved'","timestamp":"2026-08-10T07:21:25.505Z"}
{"level":"error","message":"[InterestIncome] Error processing loan G02/004/004/12/20260804:","timestamp":"2026-08-10T07:21:25.506Z"}
{"level":"error","message":"[InterestIncome] Record data:","timestamp":"2026-08-10T07:21:25.506Z"}
{"error":"Unknown column 'payment_type' in 'where clause'","level":"error","message":"mainDb query failed:","sql":"SELECT \n            SUM(payment) AS total_paid,\n            COUNT(*) AS payment_count,\n            MIN(payment_date) AS first_payment_date,\n            MAX(payment_date) AS last_payment_date\n          FROM payments\n          WHERE loan_code = ?\n            AND payment_date < ?\n            AND payment_type IN ('cash', 'CDK', 'Online Payment', 'Bank Deposit')\n            AND status = 'approved'","timestamp":"2026-08-10T07:21:25.746Z"}
{"level":"error","message":"[InterestIncome] Error processing loan G02/008/002/04/20260806:","timestamp":"2026-08-10T07:21:25.747Z"}
{"level":"error","message":"[InterestIncome] Record data:","timestamp":"2026-08-10T07:21:25.747Z"}
{"error":"Unknown column 'payment_type' in 'where clause'","level":"error","message":"mainDb query failed:","sql":"SELECT \n            SUM(payment) AS total_paid,\n            COUNT(*) AS payment_count,\n            MIN(payment_date) AS first_payment_date,\n            MAX(payment_date) AS last_payment_date\n          FROM payments\n          WHERE loan_code = ?\n            AND payment_date < ?\n            AND payment_type IN ('cash', 'CDK', 'Online Payment', 'Bank Deposit')\n            AND status = 'approved'","timestamp":"2026-08-10T07:21:26.000Z"}
{"level":"error","message":"[InterestIncome] Error processing loan G02/012/005/16/20260804:","timestamp":"2026-08-10T07:21:26.000Z"}
{"level":"error","message":"[InterestIncome] Record data:","timestamp":"2026-08-10T07:21:26.000Z"}
{"error":"Unknown column 'payment_type' in 'where clause'","level":"error","message":"mainDb query failed:","sql":"SELECT \n            SUM(payment) AS total_paid,\n            COUNT(*) AS payment_count,\n            MIN(payment_date) AS first_payment_date,\n            MAX(payment_date) AS last_payment_date\n          FROM payments\n          WHERE loan_code = ?\n            AND payment_date < ?\n            AND payment_type IN ('cash', 'CDK', 'Online Payment', 'Bank Deposit')\n            AND status = 'approved'","timestamp":"2026-08-10T07:21:26.231Z"}
{"level":"error","message":"[InterestIncome] Error processing loan G02/017/003/09/20260806:","timestamp":"2026-08-10T07:21:26.232Z"}
{"level":"error","message":"[InterestIncome] Record data:","timestamp":"2026-08-10T07:21:26.232Z"}
{"error":"Unknown column 'payment_type' in 'where clause'","level":"error","message":"mainDb query failed:","sql":"SELECT \n            SUM(payment) AS total_paid,\n            COUNT(*) AS payment_count,\n            MIN(payment_date) AS first_payment_date,\n            MAX(payment_date) AS last_payment_date\n          FROM payments\n          WHERE loan_code = ?\n            AND payment_date < ?\n            AND payment_type IN ('cash', 'CDK', 'Online Payment', 'Bank Deposit')\n            AND status = 'approved'","timestamp":"2026-08-10T07:21:26.470Z"}
{"level":"error","message":"[InterestIncome] Error processing loan G02/042/001/01/20260806:","timestamp":"2026-08-10T07:21:26.471Z"}
{"level":"error","message":"[InterestIncome] Record data:","timestamp":"2026-08-10T07:21:26.472Z"}
{"error":"Unknown column 'payment_type' in 'where clause'","level":"error","message":"mainDb query failed:","sql":"SELECT \n            SUM(payment) AS total_paid,\n            COUNT(*) AS payment_count,\n            MIN(payment_date) AS first_payment_date,\n            MAX(payment_date) AS last_payment_date\n          FROM payments\n          WHERE loan_code = ?\n            AND payment_date < ?\n            AND payment_type IN ('cash', 'CDK', 'Online Payment', 'Bank Deposit')\n            AND status = 'approved'","timestamp":"2026-08-10T07:21:26.705Z"}
{"level":"error","message":"[InterestIncome] Error processing loan G02/042/006/19/20260806:","timestamp":"2026-08-10T07:21:26.706Z"}
{"level":"error","message":"[InterestIncome] Record data:","timestamp":"2026-08-10T07:21:26.706Z"}
{"error":"Unknown column 'payment_type' in 'where clause'","level":"error","message":"mainDb query failed:","sql":"SELECT \n            SUM(payment) AS total_paid,\n            COUNT(*) AS payment_count,\n            MIN(payment_date) AS first_payment_date,\n            MAX(payment_date) AS last_payment_date\n          FROM payments\n          WHERE loan_code = ?\n            AND payment_date < ?\n            AND payment_type IN ('cash', 'CDK', 'Online Payment', 'Bank Deposit')\n            AND status = 'approved'","timestamp":"2026-08-10T07:21:26.965Z"}
{"level":"error","message":"[InterestIncome] Error processing loan G02/046/001/02/20260805:","timestamp":"2026-08-10T07:21:26.965Z"}
{"level":"error","message":"[InterestIncome] Record data:","timestamp":"2026-08-10T07:21:26.965Z"}
{"error":"Unknown column 'payment_type' in 'where clause'","level":"error","message":"mainDb query failed:","sql":"SELECT \n            SUM(payment) AS total_paid,\n            COUNT(*) AS payment_count,\n            MIN(payment_date) AS first_payment_date,\n            MAX(payment_date) AS last_payment_date\n          FROM payments\n          WHERE loan_code = ?\n            AND payment_date < ?\n            AND payment_type IN ('cash', 'CDK', 'Online Payment', 'Bank Deposit')\n            AND status = 'approved'","timestamp":"2026-08-10T07:21:27.188Z"}
{"level":"error","message":"[InterestIncome] Error processing loan G02/070/002/04/20260803:","timestamp":"2026-08-10T07:21:27.189Z"}
{"level":"error","message":"[InterestIncome] Record data:","timestamp":"2026-08-10T07:21:27.189Z"}
{"error":"Unknown column 'payment_type' in 'where clause'","level":"error","message":"mainDb query failed:","sql":"SELECT \n            SUM(payment) AS total_paid,\n            COUNT(*) AS payment_count,\n            MIN(payment_date) AS first_payment_date,\n            MAX(payment_date) AS last_payment_date\n          FROM payments\n          WHERE loan_code = ?\n            AND payment_date < ?\n            AND payment_type IN ('cash', 'CDK', 'Online Payment', 'Bank Deposit')\n            AND status = 'approved'","timestamp":"2026-08-10T07:21:27.426Z"}
{"level":"error","message":"[InterestIncome] Error processing loan G02/076/003/11/20260806:","timestamp":"2026-08-10T07:21:27.426Z"}
{"level":"error","message":"[InterestIncome] Record data:","timestamp":"2026-08-10T07:21:27.427Z"}
{"error":"Unknown column 'payment_type' in 'where clause'","level":"error","message":"mainDb query failed:","sql":"SELECT \n            SUM(payment) AS total_paid,\n            COUNT(*) AS payment_count,\n            MIN(payment_date) AS first_payment_date,\n            MAX(payment_date) AS last_payment_date\n          FROM payments\n          WHERE loan_code = ?\n            AND payment_date < ?\n            AND payment_type IN ('cash', 'CDK', 'Online Payment', 'Bank Deposit')\n            AND status = 'approved'","timestamp":"2026-08-10T07:21:27.666Z"}
{"level":"error","message":"[InterestIncome] Error processing loan G02/078/005/12/20260803:","timestamp":"2026-08-10T07:21:27.667Z"}
{"level":"error","message":"[InterestIncome] Record data:","timestamp":"2026-08-10T07:21:27.667Z"}
{"error":"Unknown column 'payment_type' in 'where clause'","level":"error","message":"mainDb query failed:","sql":"SELECT \n            SUM(payment) AS total_paid,\n            COUNT(*) AS payment_count,\n            MIN(payment_date) AS first_payment_date,\n            MAX(payment_date) AS last_payment_date\n          FROM payments\n          WHERE loan_code = ?\n            AND payment_date < ?\n            AND payment_type IN ('cash', 'CDK', 'Online Payment', 'Bank Deposit')\n            AND status = 'approved'","timestamp":"2026-08-10T07:21:27.906Z"}
{"level":"error","message":"[InterestIncome] Error processing loan G02/078/005/14/20260803:","timestamp":"2026-08-10T07:21:27.907Z"}
{"level":"error","message":"[InterestIncome] Record data:","timestamp":"2026-08-10T07:21:27.908Z"}
{"error":"Unknown column 'payment_type' in 'where clause'","level":"error","message":"mainDb query failed:","sql":"SELECT \n            SUM(payment) AS total_paid,\n            COUNT(*) AS payment_count,\n            MIN(payment_date) AS first_payment_date,\n            MAX(payment_date) AS last_payment_date\n          FROM payments\n          WHERE loan_code = ?\n            AND payment_date < ?\n            AND payment_type IN ('cash', 'CDK', 'Online Payment', 'Bank Deposit')\n            AND status = 'approved'","timestamp":"2026-08-10T07:21:28.146Z"}
{"level":"error","message":"[InterestIncome] Error processing loan G02/085/002/04/20260805:","timestamp":"2026-08-10T07:21:28.147Z"}
{"level":"error","message":"[InterestIncome] Record data:","timestamp":"2026-08-10T07:21:28.148Z"}
{"error":"Unknown column 'payment_type' in 'where clause'","level":"error","message":"mainDb query failed:","sql":"SELECT \n            SUM(payment) AS total_paid,\n            COUNT(*) AS payment_count,\n            MIN(payment_date) AS first_payment_date,\n            MAX(payment_date) AS last_payment_date\n          FROM payments\n          WHERE loan_code = ?\n            AND payment_date < ?\n            AND payment_type IN ('cash', 'CDK', 'Online Payment', 'Bank Deposit')\n            AND status = 'approved'","timestamp":"2026-08-10T07:21:28.355Z"}
{"level":"error","message":"[InterestIncome] Error processing loan G02/087/002/04/20260805:","timestamp":"2026-08-10T07:21:28.356Z"}
{"level":"error","message":"[InterestIncome] Record data:","timestamp":"2026-08-10T07:21:28.356Z"}
{"error":"Unknown column 'payment_type' in 'where clause'","level":"error","message":"mainDb query failed:","sql":"SELECT \n            SUM(payment) AS total_paid,\n            COUNT(*) AS payment_count,\n            MIN(payment_date) AS first_payment_date,\n            MAX(payment_date) AS last_payment_date\n          FROM payments\n          WHERE loan_code = ?\n            AND payment_date < ?\n            AND payment_type IN ('cash', 'CDK', 'Online Payment', 'Bank Deposit')\n            AND status = 'approved'","timestamp":"2026-08-10T07:21:28.588Z"}
{"level":"error","message":"[InterestIncome] Error processing loan G02/104/004/22/20260806:","timestamp":"2026-08-10T07:21:28.588Z"}
{"level":"error","message":"[InterestIncome] Record data:","timestamp":"2026-08-10T07:21:28.589Z"}
{"error":"Unknown column 'payment_type' in 'where clause'","level":"error","message":"mainDb query failed:","sql":"SELECT \n            SUM(payment) AS total_paid,\n            COUNT(*) AS payment_count,\n            MIN(payment_date) AS first_payment_date,\n            MAX(payment_date) AS last_payment_date\n          FROM payments\n          WHERE loan_code = ?\n            AND payment_date < ?\n            AND payment_type IN ('cash', 'CDK', 'Online Payment', 'Bank Deposit')\n            AND status = 'approved'","timestamp":"2026-08-10T07:21:28.826Z"}
{"level":"error","message":"[InterestIncome] Error processing loan G02/104/006/27/20260806:","timestamp":"2026-08-10T07:21:28.827Z"}
{"level":"error","message":"[InterestIncome] Record data:","timestamp":"2026-08-10T07:21:28.828Z"}
{"error":"Unknown column 'payment_type' in 'where clause'","level":"error","message":"mainDb query failed:","sql":"SELECT \n            SUM(payment) AS total_paid,\n            COUNT(*) AS payment_count,\n            MIN(payment_date) AS first_payment_date,\n            MAX(payment_date) AS last_payment_date\n          FROM payments\n          WHERE loan_code = ?\n            AND payment_date < ?\n            AND payment_type IN ('cash', 'CDK', 'Online Payment', 'Bank Deposit')\n            AND status = 'approved'","timestamp":"2026-08-10T07:21:29.066Z"}
{"level":"error","message":"[InterestIncome] Error processing loan G02/121/001/01/20260806:","timestamp":"2026-08-10T07:21:29.067Z"}
{"level":"error","message":"[InterestIncome] Record data:","timestamp":"2026-08-10T07:21:29.068Z"}
{"error":"Unknown column 'payment_type' in 'where clause'","level":"error","message":"mainDb query failed:","sql":"SELECT \n            SUM(payment) AS total_paid,\n            COUNT(*) AS payment_count,\n            MIN(payment_date) AS first_payment_date,\n            MAX(payment_date) AS last_payment_date\n          FROM payments\n          WHERE loan_code = ?\n            AND payment_date < ?\n            AND payment_type IN ('cash', 'CDK', 'Online Payment', 'Bank Deposit')\n            AND status = 'approved'","timestamp":"2026-08-10T07:21:29.306Z"}
{"level":"error","message":"[InterestIncome] Error processing loan G02/125/001/01/20260803:","timestamp":"2026-08-10T07:21:29.306Z"}
{"level":"error","message":"[InterestIncome] Record data:","timestamp":"2026-08-10T07:21:29.306Z"}
{"error":"Unknown column 'payment_type' in 'where clause'","level":"error","message":"mainDb query failed:","sql":"SELECT \n            SUM(payment) AS total_paid,\n            COUNT(*) AS payment_count,\n            MIN(payment_date) AS first_payment_date,\n            MAX(payment_date) AS last_payment_date\n          FROM payments\n          WHERE loan_code = ?\n            AND payment_date < ?\n            AND payment_type IN ('cash', 'CDK', 'Online Payment', 'Bank Deposit')\n            AND status = 'approved'","timestamp":"2026-08-10T07:21:29.546Z"}
{"level":"error","message":"[InterestIncome] Error processing loan G02/129/002/05/20260807:","timestamp":"2026-08-10T07:21:29.546Z"}
{"level":"error","message":"[InterestIncome] Record data:","timestamp":"2026-08-10T07:21:29.546Z"}
{"error":"Unknown column 'payment_type' in 'where clause'","level":"error","message":"mainDb query failed:","sql":"SELECT \n            SUM(payment) AS total_paid,\n            COUNT(*) AS payment_count,\n            MIN(payment_date) AS first_payment_date,\n            MAX(payment_date) AS last_payment_date\n          FROM payments\n          WHERE loan_code = ?\n            AND payment_date < ?\n            AND payment_type IN ('cash', 'CDK', 'Online Payment', 'Bank Deposit')\n            AND status = 'approved'","timestamp":"2026-08-10T07:21:29.791Z"}
{"level":"error","message":"[InterestIncome] Error processing loan G02/129/005/18/20260807:","timestamp":"2026-08-10T07:21:29.791Z"}
{"level":"error","message":"[InterestIncome] Record data:","timestamp":"2026-08-10T07:21:29.791Z"}
{"error":"Unknown column 'payment_type' in 'where clause'","level":"error","message":"mainDb query failed:","sql":"SELECT \n            SUM(payment) AS total_paid,\n            COUNT(*) AS payment_count,\n            MIN(payment_date) AS first_payment_date,\n            MAX(payment_date) AS last_payment_date\n          FROM payments\n          WHERE loan_code = ?\n            AND payment_date < ?\n            AND payment_type IN ('cash', 'CDK', 'Online Payment', 'Bank Deposit')\n            AND status = 'approved'","timestamp":"2026-08-10T07:21:30.022Z"}
{"level":"error","message":"[InterestIncome] Error processing loan G02/132/001/02/20260803:","timestamp":"2026-08-10T07:21:30.023Z"}
{"level":"error","message":"[InterestIncome] Record data:","timestamp":"2026-08-10T07:21:30.023Z"}
{"error":"Unknown column 'payment_type' in 'where clause'","level":"error","message":"mainDb query failed:","sql":"SELECT \n            SUM(payment) AS total_paid,\n            COUNT(*) AS payment_count,\n            MIN(payment_date) AS first_payment_date,\n            MAX(payment_date) AS last_payment_date\n          FROM payments\n          WHERE loan_code = ?\n            AND payment_date < ?\n            AND payment_type IN ('cash', 'CDK', 'Online Payment', 'Bank Deposit')\n            AND status = 'approved'","timestamp":"2026-08-10T07:21:30.226Z"}
{"level":"error","message":"[InterestIncome] Error processing loan G02/139/001/04/20260803:","timestamp":"2026-08-10T07:21:30.226Z"}
{"level":"error","message":"[InterestIncome] Record data:","timestamp":"2026-08-10T07:21:30.227Z"}
{"error":"Unknown column 'payment_type' in 'where clause'","level":"error","message":"mainDb query failed:","sql":"SELECT \n            SUM(payment) AS total_paid,\n            COUNT(*) AS payment_count,\n            MIN(payment_date) AS first_payment_date,\n            MAX(payment_date) AS last_payment_date\n          FROM payments\n          WHERE loan_code = ?\n            AND payment_date < ?\n            AND payment_type IN ('cash', 'CDK', 'Online Payment', 'Bank Deposit')\n            AND status = 'approved'","timestamp":"2026-08-10T07:21:30.451Z"}
{"level":"error","message":"[InterestIncome] Error processing loan G02/147/001/03/20260805:","timestamp":"2026-08-10T07:21:30.452Z"}
{"level":"error","message":"[InterestIncome] Record data:","timestamp":"2026-08-10T07:21:30.453Z"}
{"error":"Unknown column 'payment_type' in 'where clause'","level":"error","message":"mainDb query failed:","sql":"SELECT \n            SUM(payment) AS total_paid,\n            COUNT(*) AS payment_count,\n            MIN(payment_date) AS first_payment_date,\n            MAX(payment_date) AS last_payment_date\n          FROM payments\n          WHERE loan_code = ?\n            AND payment_date < ?\n            AND payment_type IN ('cash', 'CDK', 'Online Payment', 'Bank Deposit')\n            AND status = 'approved'","timestamp":"2026-08-10T07:21:30.666Z"}
{"level":"error","message":"[InterestIncome] Error processing loan G03/001/002/04/20260806:","timestamp":"2026-08-10T07:21:30.667Z"}
{"level":"error","message":"[InterestIncome] Record data:","timestamp":"2026-08-10T07:21:30.667Z"}
{"error":"Unknown column 'payment_type' in 'where clause'","level":"error","message":"mainDb query failed:","sql":"SELECT \n            SUM(payment) AS total_paid,\n            COUNT(*) AS payment_count,\n            MIN(payment_date) AS first_payment_date,\n            MAX(payment_date) AS last_payment_date\n          FROM payments\n          WHERE loan_code = ?\n            AND payment_date < ?\n            AND payment_type IN ('cash', 'CDK', 'Online Payment', 'Bank Deposit')\n            AND status = 'approved'","timestamp":"2026-08-10T07:21:30.906Z"}
{"level":"error","message":"[InterestIncome] Error processing loan G03/004/001/12/20260806:","timestamp":"2026-08-10T07:21:30.907Z"}
{"level":"error","message":"[InterestIncome] Record data:","timestamp":"2026-08-10T07:21:30.908Z"}
{"error":"Unknown column 'payment_type' in 'where clause'","level":"error","message":"mainDb query failed:","sql":"SELECT \n            SUM(payment) AS total_paid,\n            COUNT(*) AS payment_count,\n            MIN(payment_date) AS first_payment_date,\n            MAX(payment_date) AS last_payment_date\n          FROM payments\n          WHERE loan_code = ?\n            AND payment_date < ?\n            AND payment_type IN ('cash', 'CDK', 'Online Payment', 'Bank Deposit')\n            AND status = 'approved'","timestamp":"2026-08-10T07:21:31.146Z"}
{"level":"error","message":"[InterestIncome] Error processing loan G03/011/001/03/20260806:","timestamp":"2026-08-10T07:21:31.146Z"}
{"level":"error","message":"[InterestIncome] Record data:","timestamp":"2026-08-10T07:21:31.147Z"}
{"error":"Unknown column 'payment_type' in 'where clause'","level":"error","message":"mainDb query failed:","sql":"SELECT \n            SUM(payment) AS total_paid,\n            COUNT(*) AS payment_count,\n            MIN(payment_date) AS first_payment_date,\n            MAX(payment_date) AS last_payment_date\n          FROM payments\n          WHERE loan_code = ?\n            AND payment_date < ?\n            AND payment_type IN ('cash', 'CDK', 'Online Payment', 'Bank Deposit')\n            AND status = 'approved'","timestamp":"2026-08-10T07:21:31.388Z"}
{"level":"error","message":"[InterestIncome] Error processing loan G03/012/001/01/20260806:","timestamp":"2026-08-10T07:21:31.388Z"}
{"level":"error","message":"[InterestIncome] Record data:","timestamp":"2026-08-10T07:21:31.389Z"}
{"error":"Unknown column 'payment_type' in 'where clause'","level":"error","message":"mainDb query failed:","sql":"SELECT \n            SUM(payment) AS total_paid,\n            COUNT(*) AS payment_count,\n            MIN(payment_date) AS first_payment_date,\n            MAX(payment_date) AS last_payment_date\n          FROM payments\n          WHERE loan_code = ?\n            AND payment_date < ?\n            AND payment_type IN ('cash', 'CDK', 'Online Payment', 'Bank Deposit')\n            AND status = 'approved'","timestamp":"2026-08-10T07:21:31.626Z"}
{"level":"error","message":"[InterestIncome] Error processing loan G03/016/002/07/20260806:","timestamp":"2026-08-10T07:21:31.627Z"}
{"level":"error","message":"[InterestIncome] Record data:","timestamp":"2026-08-10T07:21:31.627Z"}
{"error":"Unknown column 'payment_type' in 'where clause'","level":"error","message":"mainDb query failed:","sql":"SELECT \n            SUM(payment) AS total_paid,\n            COUNT(*) AS payment_count,\n            MIN(payment_date) AS first_payment_date,\n            MAX(payment_date) AS last_payment_date\n          FROM payments\n          WHERE loan_code = ?\n            AND payment_date < ?\n            AND payment_type IN ('cash', 'CDK', 'Online Payment', 'Bank Deposit')\n            AND status = 'approved'","timestamp":"2026-08-10T07:21:31.867Z"}
{"level":"error","message":"[InterestIncome] Error processing loan G03/017/004/15/20260806:","timestamp":"2026-08-10T07:21:31.868Z"}
{"level":"error","message":"[InterestIncome] Record data:","timestamp":"2026-08-10T07:21:31.869Z"}
{"error":"Unknown column 'payment_type' in 'where clause'","level":"error","message":"mainDb query failed:","sql":"SELECT \n            SUM(payment) AS total_paid,\n            COUNT(*) AS payment_count,\n            MIN(payment_date) AS first_payment_date,\n            MAX(payment_date) AS last_payment_date\n          FROM payments\n          WHERE loan_code = ?\n            AND payment_date < ?\n            AND payment_type IN ('cash', 'CDK', 'Online Payment', 'Bank Deposit')\n            AND status = 'approved'","timestamp":"2026-08-10T07:21:32.106Z"}
{"level":"error","message":"[InterestIncome] Error processing loan G03/019/002/06/20260806:","timestamp":"2026-08-10T07:21:32.107Z"}
{"level":"error","message":"[InterestIncome] Record data:","timestamp":"2026-08-10T07:21:32.108Z"}
{"error":"Unknown column 'payment_type' in 'where clause'","level":"error","message":"mainDb query failed:","sql":"SELECT \n            SUM(payment) AS total_paid,\n            COUNT(*) AS payment_count,\n            MIN(payment_date) AS first_payment_date,\n            MAX(payment_date) AS last_payment_date\n          FROM payments\n          WHERE loan_code = ?\n            AND payment_date < ?\n            AND payment_type IN ('cash', 'CDK', 'Online Payment', 'Bank Deposit')\n            AND status = 'approved'","timestamp":"2026-08-10T07:21:32.346Z"}
{"level":"error","message":"[InterestIncome] Error processing loan G03/026/004/14/20260806:","timestamp":"2026-08-10T07:21:32.346Z"}
{"level":"error","message":"[InterestIncome] Record data:","timestamp":"2026-08-10T07:21:32.347Z"}
{"error":"Unknown column 'payment_type' in 'where clause'","level":"error","message":"mainDb query failed:","sql":"SELECT \n            SUM(payment) AS total_paid,\n            COUNT(*) AS payment_count,\n            MIN(payment_date) AS first_payment_date,\n            MAX(payment_date) AS last_payment_date\n          FROM payments\n          WHERE loan_code = ?\n            AND payment_date < ?\n            AND payment_type IN ('cash', 'CDK', 'Online Payment', 'Bank Deposit')\n            AND status = 'approved'","timestamp":"2026-08-10T07:21:32.549Z"}
{"level":"error","message":"[InterestIncome] Error processing loan G03/026/005/16/20260806:","timestamp":"2026-08-10T07:21:32.550Z"}
{"level":"error","message":"[InterestIncome] Record data:","timestamp":"2026-08-10T07:21:32.550Z"}
{"error":"Unknown column 'payment_type' in 'where clause'","level":"error","message":"mainDb query failed:","sql":"SELECT \n            SUM(payment) AS total_paid,\n            COUNT(*) AS payment_count,\n            MIN(payment_date) AS first_payment_date,\n            MAX(payment_date) AS last_payment_date\n          FROM payments\n          WHERE loan_code = ?\n            AND payment_date < ?\n            AND payment_type IN ('cash', 'CDK', 'Online Payment', 'Bank Deposit')\n            AND status = 'approved'","timestamp":"2026-08-10T07:21:32.800Z"}
{"level":"error","message":"[InterestIncome] Error processing loan G03/029/001/02/20260805:","timestamp":"2026-08-10T07:21:32.802Z"}
{"level":"error","message":"[InterestIncome] Record data:","timestamp":"2026-08-10T07:21:32.802Z"}
{"error":"Unknown column 'payment_type' in 'where clause'","level":"error","message":"mainDb query failed:","sql":"SELECT \n            SUM(payment) AS total_paid,\n            COUNT(*) AS payment_count,\n            MIN(payment_date) AS first_payment_date,\n            MAX(payment_date) AS last_payment_date\n          FROM payments\n          WHERE loan_code = ?\n            AND payment_date < ?\n            AND payment_type IN ('cash', 'CDK', 'Online Payment', 'Bank Deposit')\n            AND status = 'approved'","timestamp":"2026-08-10T07:21:33.026Z"}
{"level":"error","message":"[InterestIncome] Error processing loan G03/029/004/13/20260805:","timestamp":"2026-08-10T07:21:33.026Z"}
{"level":"error","message":"[InterestIncome] Record data:","timestamp":"2026-08-10T07:21:33.027Z"}
{"error":"Unknown column 'payment_type' in 'where clause'","level":"error","message":"mainDb query failed:","sql":"SELECT \n            SUM(payment) AS total_paid,\n            COUNT(*) AS payment_count,\n            MIN(payment_date) AS first_payment_date,\n            MAX(payment_date) AS last_payment_date\n          FROM payments\n          WHERE loan_code = ?\n            AND payment_date < ?\n            AND payment_type IN ('cash', 'CDK', 'Online Payment', 'Bank Deposit')\n            AND status = 'approved'","timestamp":"2026-08-10T07:21:33.266Z"}
{"level":"error","message":"[InterestIncome] Error processing loan G03/029/006/18/20260805:","timestamp":"2026-08-10T07:21:33.267Z"}
{"level":"error","message":"[InterestIncome] Record data:","timestamp":"2026-08-10T07:21:33.267Z"}
{"error":"Unknown column 'payment_type' in 'where clause'","level":"error","message":"mainDb query failed:","sql":"SELECT \n            SUM(payment) AS total_paid,\n            COUNT(*) AS payment_count,\n            MIN(payment_date) AS first_payment_date,\n            MAX(payment_date) AS last_payment_date\n          FROM payments\n          WHERE loan_code = ?\n            AND payment_date < ?\n            AND payment_type IN ('cash', 'CDK', 'Online Payment', 'Bank Deposit')\n            AND status = 'approved'","timestamp":"2026-08-10T07:21:33.520Z"}
{"level":"error","message":"[InterestIncome] Error processing loan G03/030/002/06/20260805:","timestamp":"2026-08-10T07:21:33.521Z"}
{"level":"error","message":"[InterestIncome] Record data:","timestamp":"2026-08-10T07:21:33.522Z"}
{"error":"Unknown column 'payment_type' in 'where clause'","level":"error","message":"mainDb query failed:","sql":"SELECT \n            SUM(payment) AS total_paid,\n            COUNT(*) AS payment_count,\n            MIN(payment_date) AS first_payment_date,\n            MAX(payment_date) AS last_payment_date\n          FROM payments\n          WHERE loan_code = ?\n            AND payment_date < ?\n            AND payment_type IN ('cash', 'CDK', 'Online Payment', 'Bank Deposit')\n            AND status = 'approved'","timestamp":"2026-08-10T07:21:33.746Z"}
{"level":"error","message":"[InterestIncome] Error processing loan G03/050/003/09/20260804:","timestamp":"2026-08-10T07:21:33.747Z"}
{"level":"error","message":"[InterestIncome] Record data:","timestamp":"2026-08-10T07:21:33.748Z"}
{"error":"Unknown column 'payment_type' in 'where clause'","level":"error","message":"mainDb query failed:","sql":"SELECT \n            SUM(payment) AS total_paid,\n            COUNT(*) AS payment_count,\n            MIN(payment_date) AS first_payment_date,\n            MAX(payment_date) AS last_payment_date\n          FROM payments\n          WHERE loan_code = ?\n            AND payment_date < ?\n            AND payment_type IN ('cash', 'CDK', 'Online Payment', 'Bank Deposit')\n            AND status = 'approved'","timestamp":"2026-08-10T07:21:33.989Z"}
{"level":"error","message":"[InterestIncome] Error processing loan G03/051/001/01/20260804:","timestamp":"2026-08-10T07:21:33.989Z"}
{"level":"error","message":"[InterestIncome] Record data:","timestamp":"2026-08-10T07:21:33.990Z"}
{"error":"Unknown column 'payment_type' in 'where clause'","level":"error","message":"mainDb query failed:","sql":"SELECT \n            SUM(payment) AS total_paid,\n            COUNT(*) AS payment_count,\n            MIN(payment_date) AS first_payment_date,\n            MAX(payment_date) AS last_payment_date\n          FROM payments\n          WHERE loan_code = ?\n            AND payment_date < ?\n            AND payment_type IN ('cash', 'CDK', 'Online Payment', 'Bank Deposit')\n            AND status = 'approved'","timestamp":"2026-08-10T07:21:34.226Z"}
{"level":"error","message":"[InterestIncome] Error processing loan G03/062/004/14/20260805:","timestamp":"2026-08-10T07:21:34.227Z"}
{"level":"error","message":"[InterestIncome] Record data:","timestamp":"2026-08-10T07:21:34.228Z"}
{"error":"Unknown column 'payment_type' in 'where clause'","level":"error","message":"mainDb query failed:","sql":"SELECT \n            SUM(payment) AS total_paid,\n            COUNT(*) AS payment_count,\n            MIN(payment_date) AS first_payment_date,\n            MAX(payment_date) AS last_payment_date\n          FROM payments\n          WHERE loan_code = ?\n            AND payment_date < ?\n            AND payment_type IN ('cash', 'CDK', 'Online Payment', 'Bank Deposit')\n            AND status = 'approved'","timestamp":"2026-08-10T07:21:34.466Z"}
{"level":"error","message":"[InterestIncome] Error processing loan G03/073/001/01/20260805:","timestamp":"2026-08-10T07:21:34.467Z"}
{"level":"error","message":"[InterestIncome] Record data:","timestamp":"2026-08-10T07:21:34.468Z"}
{"error":"Unknown column 'payment_type' in 'where clause'","level":"error","message":"mainDb query failed:","sql":"SELECT \n            SUM(payment) AS total_paid,\n            COUNT(*) AS payment_count,\n            MIN(payment_date) AS first_payment_date,\n            MAX(payment_date) AS last_payment_date\n          FROM payments\n          WHERE loan_code = ?\n            AND payment_date < ?\n            AND payment_type IN ('cash', 'CDK', 'Online Payment', 'Bank Deposit')\n            AND status = 'approved'","timestamp":"2026-08-10T07:21:34.709Z"}
{"level":"error","message":"[InterestIncome] Error processing loan G03/077/006/25/20260805:","timestamp":"2026-08-10T07:21:34.709Z"}
{"level":"error","message":"[InterestIncome] Record data:","timestamp":"2026-08-10T07:21:34.710Z"}
{"error":"Unknown column 'payment_type' in 'where clause'","level":"error","message":"mainDb query failed:","sql":"SELECT \n            SUM(payment) AS total_paid,\n            COUNT(*) AS payment_count,\n            MIN(payment_date) AS first_payment_date,\n            MAX(payment_date) AS last_payment_date\n          FROM payments\n          WHERE loan_code = ?\n            AND payment_date < ?\n            AND payment_type IN ('cash', 'CDK', 'Online Payment', 'Bank Deposit')\n            AND status = 'approved'","timestamp":"2026-08-10T07:21:34.960Z"}
{"level":"error","message":"[InterestIncome] Error processing loan G03/078/003/11/20260806:","timestamp":"2026-08-10T07:21:34.961Z"}
{"level":"error","message":"[InterestIncome] Record data:","timestamp":"2026-08-10T07:21:34.961Z"}
{"error":"Unknown column 'payment_type' in 'where clause'","level":"error","message":"mainDb query failed:","sql":"SELECT \n            SUM(payment) AS total_paid,\n            COUNT(*) AS payment_count,\n            MIN(payment_date) AS first_payment_date,\n            MAX(payment_date) AS last_payment_date\n          FROM payments\n          WHERE loan_code = ?\n            AND payment_date < ?\n            AND payment_type IN ('cash', 'CDK', 'Online Payment', 'Bank Deposit')\n            AND status = 'approved'","timestamp":"2026-08-10T07:21:35.191Z"}
{"level":"error","message":"[InterestIncome] Error processing loan G03/090/003/10/20260805:","timestamp":"2026-08-10T07:21:35.192Z"}
{"level":"error","message":"[InterestIncome] Record data:","timestamp":"2026-08-10T07:21:35.192Z"}
{"error":"Unknown column 'payment_type' in 'where clause'","level":"error","message":"mainDb query failed:","sql":"SELECT \n            SUM(payment) AS total_paid,\n            COUNT(*) AS payment_count,\n            MIN(payment_date) AS first_payment_date,\n            MAX(payment_date) AS last_payment_date\n          FROM payments\n          WHERE loan_code = ?\n            AND payment_date < ?\n            AND payment_type IN ('cash', 'CDK', 'Online Payment', 'Bank Deposit')\n            AND status = 'approved'","timestamp":"2026-08-10T07:21:35.428Z"}
{"level":"error","message":"[InterestIncome] Error processing loan G03/092/003/06/20260805:","timestamp":"2026-08-10T07:21:35.429Z"}
{"level":"error","message":"[InterestIncome] Record data:","timestamp":"2026-08-10T07:21:35.429Z"}
{"error":"Unknown column 'payment_type' in 'where clause'","level":"error","message":"mainDb query failed:","sql":"SELECT \n            SUM(payment) AS total_paid,\n            COUNT(*) AS payment_count,\n            MIN(payment_date) AS first_payment_date,\n            MAX(payment_date) AS last_payment_date\n          FROM payments\n          WHERE loan_code = ?\n            AND payment_date < ?\n            AND payment_type IN ('cash', 'CDK', 'Online Payment', 'Bank Deposit')\n            AND status = 'approved'","timestamp":"2026-08-10T07:21:35.667Z"}
{"level":"error","message":"[InterestIncome] Error processing loan G03/100/004/12/20260806:","timestamp":"2026-08-10T07:21:35.668Z"}
{"level":"error","message":"[InterestIncome] Record data:","timestamp":"2026-08-10T07:21:35.668Z"}
{"error":"Unknown column 'payment_type' in 'where clause'","level":"error","message":"mainDb query failed:","sql":"SELECT \n            SUM(payment) AS total_paid,\n            COUNT(*) AS payment_count,\n            MIN(payment_date) AS first_payment_date,\n            MAX(payment_date) AS last_payment_date\n          FROM payments\n          WHERE loan_code = ?\n            AND payment_date < ?\n            AND payment_type IN ('cash', 'CDK', 'Online Payment', 'Bank Deposit')\n            AND status = 'approved'","timestamp":"2026-08-10T07:21:35.922Z"}
{"level":"error","message":"[InterestIncome] Error processing loan G03/100/005/15/20260806:","timestamp":"2026-08-10T07:21:35.923Z"}
{"level":"error","message":"[InterestIncome] Record data:","timestamp":"2026-08-10T07:21:35.924Z"}
{"error":"Unknown column 'payment_type' in 'where clause'","level":"error","message":"mainDb query failed:","sql":"SELECT \n            SUM(payment) AS total_paid,\n            COUNT(*) AS payment_count,\n            MIN(payment_date) AS first_payment_date,\n            MAX(payment_date) AS last_payment_date\n          FROM payments\n          WHERE loan_code = ?\n            AND payment_date < ?\n            AND payment_type IN ('cash', 'CDK', 'Online Payment', 'Bank Deposit')\n            AND status = 'approved'","timestamp":"2026-08-10T07:21:36.160Z"}
{"level":"error","message":"[InterestIncome] Error processing loan G03/107/001/03/20260803:","timestamp":"2026-08-10T07:21:36.161Z"}
{"level":"error","message":"[InterestIncome] Record data:","timestamp":"2026-08-10T07:21:36.162Z"}
{"error":"Unknown column 'payment_type' in 'where clause'","level":"error","message":"mainDb query failed:","sql":"SELECT \n            SUM(payment) AS total_paid,\n            COUNT(*) AS payment_count,\n            MIN(payment_date) AS first_payment_date,\n            MAX(payment_date) AS last_payment_date\n          FROM payments\n          WHERE loan_code = ?\n            AND payment_date < ?\n            AND payment_type IN ('cash', 'CDK', 'Online Payment', 'Bank Deposit')\n            AND status = 'approved'","timestamp":"2026-08-10T07:21:36.401Z"}
{"level":"error","message":"[InterestIncome] Error processing loan G03/110/001/04/20260805:","timestamp":"2026-08-10T07:21:36.402Z"}
{"level":"error","message":"[InterestIncome] Record data:","timestamp":"2026-08-10T07:21:36.402Z"}
{"error":"Unknown column 'payment_type' in 'where clause'","level":"error","message":"mainDb query failed:","sql":"SELECT \n            SUM(payment) AS total_paid,\n            COUNT(*) AS payment_count,\n            MIN(payment_date) AS first_payment_date,\n            MAX(payment_date) AS last_payment_date\n          FROM payments\n          WHERE loan_code = ?\n            AND payment_date < ?\n            AND payment_type IN ('cash', 'CDK', 'Online Payment', 'Bank Deposit')\n            AND status = 'approved'","timestamp":"2026-08-10T07:21:36.628Z"}
{"level":"error","message":"[InterestIncome] Error processing loan G03/111/003/11/20260805:","timestamp":"2026-08-10T07:21:36.629Z"}
{"level":"error","message":"[InterestIncome] Record data:","timestamp":"2026-08-10T07:21:36.629Z"}
{"error":"Unknown column 'payment_type' in 'where clause'","level":"error","message":"mainDb query failed:","sql":"SELECT \n            SUM(payment) AS total_paid,\n            COUNT(*) AS payment_count,\n            MIN(payment_date) AS first_payment_date,\n            MAX(payment_date) AS last_payment_date\n          FROM payments\n          WHERE loan_code = ?\n            AND payment_date < ?\n            AND payment_type IN ('cash', 'CDK', 'Online Payment', 'Bank Deposit')\n            AND status = 'approved'","timestamp":"2026-08-10T07:21:36.866Z"}
{"level":"error","message":"[InterestIncome] Error processing loan G03/114/002/06/20260805:","timestamp":"2026-08-10T07:21:36.866Z"}
{"level":"error","message":"[InterestIncome] Record data:","timestamp":"2026-08-10T07:21:36.866Z"}
{"error":"Unknown column 'payment_type' in 'where clause'","level":"error","message":"mainDb query failed:","sql":"SELECT \n            SUM(payment) AS total_paid,\n            COUNT(*) AS payment_count,\n            MIN(payment_date) AS first_payment_date,\n            MAX(payment_date) AS last_payment_date\n          FROM payments\n          WHERE loan_code = ?\n            AND payment_date < ?\n            AND payment_type IN ('cash', 'CDK', 'Online Payment', 'Bank Deposit')\n            AND status = 'approved'","timestamp":"2026-08-10T07:21:37.106Z"}
{"level":"error","message":"[InterestIncome] Error processing loan G03/116/002/07/20260803:","timestamp":"2026-08-10T07:21:37.107Z"}
{"level":"error","message":"[InterestIncome] Record data:","timestamp":"2026-08-10T07:21:37.107Z"}
{"error":"Unknown column 'payment_type' in 'where clause'","level":"error","message":"mainDb query failed:","sql":"SELECT \n            SUM(payment) AS total_paid,\n            COUNT(*) AS payment_count,\n            MIN(payment_date) AS first_payment_date,\n            MAX(payment_date) AS last_payment_date\n          FROM payments\n          WHERE loan_code = ?\n            AND payment_date < ?\n            AND payment_type IN ('cash', 'CDK', 'Online Payment', 'Bank Deposit')\n            AND status = 'approved'","timestamp":"2026-08-10T07:21:37.350Z"}
{"level":"error","message":"[InterestIncome] Error processing loan G03/116/003/09/20260803:","timestamp":"2026-08-10T07:21:37.351Z"}
{"level":"error","message":"[InterestIncome] Record data:","timestamp":"2026-08-10T07:21:37.351Z"}
{"error":"Unknown column 'payment_type' in 'where clause'","level":"error","message":"mainDb query failed:","sql":"SELECT \n            SUM(payment) AS total_paid,\n            COUNT(*) AS payment_count,\n            MIN(payment_date) AS first_payment_date,\n            MAX(payment_date) AS last_payment_date\n          FROM payments\n          WHERE loan_code = ?\n            AND payment_date < ?\n            AND payment_type IN ('cash', 'CDK', 'Online Payment', 'Bank Deposit')\n            AND status = 'approved'","timestamp":"2026-08-10T07:21:37.555Z"}
{"level":"error","message":"[InterestIncome] Error processing loan G03/120/002/07/20260803:","timestamp":"2026-08-10T07:21:37.556Z"}
{"level":"error","message":"[InterestIncome] Record data:","timestamp":"2026-08-10T07:21:37.556Z"}
{"error":"Unknown column 'payment_type' in 'where clause'","level":"error","message":"mainDb query failed:","sql":"SELECT \n            SUM(payment) AS total_paid,\n            COUNT(*) AS payment_count,\n            MIN(payment_date) AS first_payment_date,\n            MAX(payment_date) AS last_payment_date\n          FROM payments\n          WHERE loan_code = ?\n            AND payment_date < ?\n            AND payment_type IN ('cash', 'CDK', 'Online Payment', 'Bank Deposit')\n            AND status = 'approved'","timestamp":"2026-08-10T07:21:37.767Z"}
{"level":"error","message":"[InterestIncome] Error processing loan G03/120/004/13/20260803:","timestamp":"2026-08-10T07:21:37.768Z"}
{"level":"error","message":"[InterestIncome] Record data:","timestamp":"2026-08-10T07:21:37.768Z"}
{"error":"Unknown column 'payment_type' in 'where clause'","level":"error","message":"mainDb query failed:","sql":"SELECT \n            SUM(payment) AS total_paid,\n            COUNT(*) AS payment_count,\n            MIN(payment_date) AS first_payment_date,\n            MAX(payment_date) AS last_payment_date\n          FROM payments\n          WHERE loan_code = ?\n            AND payment_date < ?\n            AND payment_type IN ('cash', 'CDK', 'Online Payment', 'Bank Deposit')\n            AND status = 'approved'","timestamp":"2026-08-10T07:21:37.977Z"}
{"level":"error","message":"[InterestIncome] Error processing loan G03/122/002/04/20260803:","timestamp":"2026-08-10T07:21:37.977Z"}
{"level":"error","message":"[InterestIncome] Record data:","timestamp":"2026-08-10T07:21:37.977Z"}
{"error":"Unknown column 'payment_type' in 'where clause'","level":"error","message":"mainDb query failed:","sql":"SELECT \n            SUM(payment) AS total_paid,\n            COUNT(*) AS payment_count,\n            MIN(payment_date) AS first_payment_date,\n            MAX(payment_date) AS last_payment_date\n          FROM payments\n          WHERE loan_code = ?\n            AND payment_date < ?\n            AND payment_type IN ('cash', 'CDK', 'Online Payment', 'Bank Deposit')\n            AND status = 'approved'","timestamp":"2026-08-10T07:21:38.182Z"}
{"level":"error","message":"[InterestIncome] Error processing loan G03/123/002/07/20260804:","timestamp":"2026-08-10T07:21:38.183Z"}
{"level":"error","message":"[InterestIncome] Record data:","timestamp":"2026-08-10T07:21:38.184Z"}
{"error":"Unknown column 'payment_type' in 'where clause'","level":"error","message":"mainDb query failed:","sql":"SELECT \n            SUM(payment) AS total_paid,\n            COUNT(*) AS payment_count,\n            MIN(payment_date) AS first_payment_date,\n            MAX(payment_date) AS last_payment_date\n          FROM payments\n          WHERE loan_code = ?\n            AND payment_date < ?\n            AND payment_type IN ('cash', 'CDK', 'Online Payment', 'Bank Deposit')\n            AND status = 'approved'","timestamp":"2026-08-10T07:21:38.385Z"}
{"level":"error","message":"[InterestIncome] Error processing loan G03/123/004/14/20260804:","timestamp":"2026-08-10T07:21:38.386Z"}
{"level":"error","message":"[InterestIncome] Record data:","timestamp":"2026-08-10T07:21:38.386Z"}
{"error":"Unknown column 'payment_type' in 'where clause'","level":"error","message":"mainDb query failed:","sql":"SELECT \n            SUM(payment) AS total_paid,\n            COUNT(*) AS payment_count,\n            MIN(payment_date) AS first_payment_date,\n            MAX(payment_date) AS last_payment_date\n          FROM payments\n          WHERE loan_code = ?\n            AND payment_date < ?\n            AND payment_type IN ('cash', 'CDK', 'Online Payment', 'Bank Deposit')\n            AND status = 'approved'","timestamp":"2026-08-10T07:21:38.591Z"}
{"level":"error","message":"[InterestIncome] Error processing loan G03/124/001/04/20260805:","timestamp":"2026-08-10T07:21:38.592Z"}
{"level":"error","message":"[InterestIncome] Record data:","timestamp":"2026-08-10T07:21:38.593Z"}
{"error":"Unknown column 'payment_type' in 'where clause'","level":"error","message":"mainDb query failed:","sql":"SELECT \n            SUM(payment) AS total_paid,\n            COUNT(*) AS payment_count,\n            MIN(payment_date) AS first_payment_date,\n            MAX(payment_date) AS last_payment_date\n          FROM payments\n          WHERE loan_code = ?\n            AND payment_date < ?\n            AND payment_type IN ('cash', 'CDK', 'Online Payment', 'Bank Deposit')\n            AND status = 'approved'","timestamp":"2026-08-10T07:21:38.797Z"}
{"level":"error","message":"[InterestIncome] Error processing loan G03/127/001/01/20260804:","timestamp":"2026-08-10T07:21:38.798Z"}
{"level":"error","message":"[InterestIncome] Record data:","timestamp":"2026-08-10T07:21:38.798Z"}
{"error":"Unknown column 'payment_type' in 'where clause'","level":"error","message":"mainDb query failed:","sql":"SELECT \n            SUM(payment) AS total_paid,\n            COUNT(*) AS payment_count,\n            MIN(payment_date) AS first_payment_date,\n            MAX(payment_date) AS last_payment_date\n          FROM payments\n          WHERE loan_code = ?\n            AND payment_date < ?\n            AND payment_type IN ('cash', 'CDK', 'Online Payment', 'Bank Deposit')\n            AND status = 'approved'","timestamp":"2026-08-10T07:21:39.014Z"}
{"level":"error","message":"[InterestIncome] Error processing loan G03/133/001/03/20260805:","timestamp":"2026-08-10T07:21:39.015Z"}
{"level":"error","message":"[InterestIncome] Record data:","timestamp":"2026-08-10T07:21:39.015Z"}
{"error":"Unknown column 'payment_type' in 'where clause'","level":"error","message":"mainDb query failed:","sql":"SELECT \n            SUM(payment) AS total_paid,\n            COUNT(*) AS payment_count,\n            MIN(payment_date) AS first_payment_date,\n            MAX(payment_date) AS last_payment_date\n          FROM payments\n          WHERE loan_code = ?\n            AND payment_date < ?\n            AND payment_type IN ('cash', 'CDK', 'Online Payment', 'Bank Deposit')\n            AND status = 'approved'","timestamp":"2026-08-10T07:21:39.226Z"}
{"level":"error","message":"[InterestIncome] Error processing loan G03/141/001/02/20260806:","timestamp":"2026-08-10T07:21:39.226Z"}
{"level":"error","message":"[InterestIncome] Record data:","timestamp":"2026-08-10T07:21:39.227Z"}
{"error":"Unknown column 'payment_type' in 'where clause'","level":"error","message":"mainDb query failed:","sql":"SELECT \n            SUM(payment) AS total_paid,\n            COUNT(*) AS payment_count,\n            MIN(payment_date) AS first_payment_date,\n            MAX(payment_date) AS last_payment_date\n          FROM payments\n          WHERE loan_code = ?\n            AND payment_date < ?\n            AND payment_type IN ('cash', 'CDK', 'Online Payment', 'Bank Deposit')\n            AND status = 'approved'","timestamp":"2026-08-10T07:21:39.434Z"}
{"level":"error","message":"[InterestIncome] Error processing loan G03/145/001/05/20260805:","timestamp":"2026-08-10T07:21:39.434Z"}
{"level":"error","message":"[InterestIncome] Record data:","timestamp":"2026-08-10T07:21:39.434Z"}
{"error":"Unknown column 'payment_type' in 'where clause'","level":"error","message":"mainDb query failed:","sql":"SELECT \n            SUM(payment) AS total_paid,\n            COUNT(*) AS payment_count,\n            MIN(payment_date) AS first_payment_date,\n            MAX(payment_date) AS last_payment_date\n          FROM payments\n          WHERE loan_code = ?\n            AND payment_date < ?\n            AND payment_type IN ('cash', 'CDK', 'Online Payment', 'Bank Deposit')\n            AND status = 'approved'","timestamp":"2026-08-10T07:21:39.640Z"}
{"level":"error","message":"[InterestIncome] Error processing loan G03/147/001/01/20260803:","timestamp":"2026-08-10T07:21:39.641Z"}
{"level":"error","message":"[InterestIncome] Record data:","timestamp":"2026-08-10T07:21:39.641Z"}
{"error":"Unknown column 'payment_type' in 'where clause'","level":"error","message":"mainDb query failed:","sql":"SELECT \n            SUM(payment) AS total_paid,\n            COUNT(*) AS payment_count,\n            MIN(payment_date) AS first_payment_date,\n            MAX(payment_date) AS last_payment_date\n          FROM payments\n          WHERE loan_code = ?\n            AND payment_date < ?\n            AND payment_type IN ('cash', 'CDK', 'Online Payment', 'Bank Deposit')\n            AND status = 'approved'","timestamp":"2026-08-10T07:21:39.853Z"}
{"level":"error","message":"[InterestIncome] Error processing loan G03/147/001/02/20260803:","timestamp":"2026-08-10T07:21:39.854Z"}
{"level":"error","message":"[InterestIncome] Record data:","timestamp":"2026-08-10T07:21:39.855Z"}
{"error":"Unknown column 'payment_type' in 'where clause'","level":"error","message":"mainDb query failed:","sql":"SELECT \n            SUM(payment) AS total_paid,\n            COUNT(*) AS payment_count,\n            MIN(payment_date) AS first_payment_date,\n            MAX(payment_date) AS last_payment_date\n          FROM payments\n          WHERE loan_code = ?\n            AND payment_date < ?\n            AND payment_type IN ('cash', 'CDK', 'Online Payment', 'Bank Deposit')\n            AND status = 'approved'","timestamp":"2026-08-10T07:21:40.070Z"}
{"level":"error","message":"[InterestIncome] Error processing loan G03/147/001/03/20260803:","timestamp":"2026-08-10T07:21:40.070Z"}
{"level":"error","message":"[InterestIncome] Record data:","timestamp":"2026-08-10T07:21:40.070Z"}
{"error":"Unknown column 'payment_type' in 'where clause'","level":"error","message":"mainDb query failed:","sql":"SELECT \n            SUM(payment) AS total_paid,\n            COUNT(*) AS payment_count,\n            MIN(payment_date) AS first_payment_date,\n            MAX(payment_date) AS last_payment_date\n          FROM payments\n          WHERE loan_code = ?\n            AND payment_date < ?\n            AND payment_type IN ('cash', 'CDK', 'Online Payment', 'Bank Deposit')\n            AND status = 'approved'","timestamp":"2026-08-10T07:21:40.268Z"}
{"level":"error","message":"[InterestIncome] Error processing loan G03/147/001/04/20260803:","timestamp":"2026-08-10T07:21:40.269Z"}
{"level":"error","message":"[InterestIncome] Record data:","timestamp":"2026-08-10T07:21:40.269Z"}
{"error":"Unknown column 'payment_type' in 'where clause'","level":"error","message":"mainDb query failed:","sql":"SELECT \n            SUM(payment) AS total_paid,\n            COUNT(*) AS payment_count,\n            MIN(payment_date) AS first_payment_date,\n            MAX(payment_date) AS last_payment_date\n          FROM payments\n          WHERE loan_code = ?\n            AND payment_date < ?\n            AND payment_type IN ('cash', 'CDK', 'Online Payment', 'Bank Deposit')\n            AND status = 'approved'","timestamp":"2026-08-10T07:21:40.483Z"}
{"level":"error","message":"[InterestIncome] Error processing loan G04/001/004/10/20260804:","timestamp":"2026-08-10T07:21:40.484Z"}
{"level":"error","message":"[InterestIncome] Record data:","timestamp":"2026-08-10T07:21:40.485Z"}
{"error":"Unknown column 'payment_type' in 'where clause'","level":"error","message":"mainDb query failed:","sql":"SELECT \n            SUM(payment) AS total_paid,\n            COUNT(*) AS payment_count,\n            MIN(payment_date) AS first_payment_date,\n            MAX(payment_date) AS last_payment_date\n          FROM payments\n          WHERE loan_code = ?\n            AND payment_date < ?\n            AND payment_type IN ('cash', 'CDK', 'Online Payment', 'Bank Deposit')\n            AND status = 'approved'","timestamp":"2026-08-10T07:21:40.690Z"}
{"level":"error","message":"[InterestIncome] Error processing loan G04/006/002/04/20260804:","timestamp":"2026-08-10T07:21:40.691Z"}
{"level":"error","message":"[InterestIncome] Record data:","timestamp":"2026-08-10T07:21:40.692Z"}
{"error":"Unknown column 'payment_type' in 'where clause'","level":"error","message":"mainDb query failed:","sql":"SELECT \n            SUM(payment) AS total_paid,\n            COUNT(*) AS payment_count,\n            MIN(payment_date) AS first_payment_date,\n            MAX(payment_date) AS last_payment_date\n          FROM payments\n          WHERE loan_code = ?\n            AND payment_date < ?\n            AND payment_type IN ('cash', 'CDK', 'Online Payment', 'Bank Deposit')\n            AND status = 'approved'","timestamp":"2026-08-10T07:21:40.915Z"}
{"level":"error","message":"[InterestIncome] Error processing loan G04/006/004/13/20260804:","timestamp":"2026-08-10T07:21:40.915Z"}
{"level":"error","message":"[InterestIncome] Record data:","timestamp":"2026-08-10T07:21:40.916Z"}
{"error":"Unknown column 'payment_type' in 'where clause'","level":"error","message":"mainDb query failed:","sql":"SELECT \n            SUM(payment) AS total_paid,\n            COUNT(*) AS payment_count,\n            MIN(payment_date) AS first_payment_date,\n            MAX(payment_date) AS last_payment_date\n          FROM payments\n          WHERE loan_code = ?\n            AND payment_date < ?\n            AND payment_type IN ('cash', 'CDK', 'Online Payment', 'Bank Deposit')\n            AND status = 'approved'","timestamp":"2026-08-10T07:21:41.145Z"}
{"level":"error","message":"[InterestIncome] Error processing loan G04/010/003/11/20260806:","timestamp":"2026-08-10T07:21:41.146Z"}
{"level":"error","message":"[InterestIncome] Record data:","timestamp":"2026-08-10T07:21:41.147Z"}
{"error":"Unknown column 'payment_type' in 'where clause'","level":"error","message":"mainDb query failed:","sql":"SELECT \n            SUM(payment) AS total_paid,\n            COUNT(*) AS payment_count,\n            MIN(payment_date) AS first_payment_date,\n            MAX(payment_date) AS last_payment_date\n          FROM payments\n          WHERE loan_code = ?\n            AND payment_date < ?\n            AND payment_type IN ('cash', 'CDK', 'Online Payment', 'Bank Deposit')\n            AND status = 'approved'","timestamp":"2026-08-10T07:21:41.350Z"}
{"level":"error","message":"[InterestIncome] Error processing loan G04/010/004/15/20260806:","timestamp":"2026-08-10T07:21:41.351Z"}
{"level":"error","message":"[InterestIncome] Record data:","timestamp":"2026-08-10T07:21:41.351Z"}
{"error":"Unknown column 'payment_type' in 'where clause'","level":"error","message":"mainDb query failed:","sql":"SELECT \n            SUM(payment) AS total_paid,\n            COUNT(*) AS payment_count,\n            MIN(payment_date) AS first_payment_date,\n            MAX(payment_date) AS last_payment_date\n          FROM payments\n          WHERE loan_code = ?\n            AND payment_date < ?\n            AND payment_type IN ('cash', 'CDK', 'Online Payment', 'Bank Deposit')\n            AND status = 'approved'","timestamp":"2026-08-10T07:21:41.560Z"}
{"level":"error","message":"[InterestIncome] Error processing loan G04/017/001/01/20260803:","timestamp":"2026-08-10T07:21:41.560Z"}
{"level":"error","message":"[InterestIncome] Record data:","timestamp":"2026-08-10T07:21:41.560Z"}
{"error":"Unknown column 'payment_type' in 'where clause'","level":"error","message":"mainDb query failed:","sql":"SELECT \n            SUM(payment) AS total_paid,\n            COUNT(*) AS payment_count,\n            MIN(payment_date) AS first_payment_date,\n            MAX(payment_date) AS last_payment_date\n          FROM payments\n          WHERE loan_code = ?\n            AND payment_date < ?\n            AND payment_type IN ('cash', 'CDK', 'Online Payment', 'Bank Deposit')\n            AND status = 'approved'","timestamp":"2026-08-10T07:21:41.758Z"}
{"level":"error","message":"[InterestIncome] Error processing loan G04/024/003/12/20260806:","timestamp":"2026-08-10T07:21:41.759Z"}
{"level":"error","message":"[InterestIncome] Record data:","timestamp":"2026-08-10T07:21:41.759Z"}
{"error":"Unknown column 'payment_type' in 'where clause'","level":"error","message":"mainDb query failed:","sql":"SELECT \n            SUM(payment) AS total_paid,\n            COUNT(*) AS payment_count,\n            MIN(payment_date) AS first_payment_date,\n            MAX(payment_date) AS last_payment_date\n          FROM payments\n          WHERE loan_code = ?\n            AND payment_date < ?\n            AND payment_type IN ('cash', 'CDK', 'Online Payment', 'Bank Deposit')\n            AND status = 'approved'","timestamp":"2026-08-10T07:21:41.986Z"}
{"level":"error","message":"[InterestIncome] Error processing loan G04/026/002/04/20260806:","timestamp":"2026-08-10T07:21:41.987Z"}
{"level":"error","message":"[InterestIncome] Record data:","timestamp":"2026-08-10T07:21:41.988Z"}
{"error":"Unknown column 'payment_type' in 'where clause'","level":"error","message":"mainDb query failed:","sql":"SELECT \n            SUM(payment) AS total_paid,\n            COUNT(*) AS payment_count,\n            MIN(payment_date) AS first_payment_date,\n            MAX(payment_date) AS last_payment_date\n          FROM payments\n          WHERE loan_code = ?\n            AND payment_date < ?\n            AND payment_type IN ('cash', 'CDK', 'Online Payment', 'Bank Deposit')\n            AND status = 'approved'","timestamp":"2026-08-10T07:21:42.208Z"}
{"level":"error","message":"[InterestIncome] Error processing loan G04/029/002/04/20260803:","timestamp":"2026-08-10T07:21:42.208Z"}
{"level":"error","message":"[InterestIncome] Record data:","timestamp":"2026-08-10T07:21:42.209Z"}
{"error":"Unknown column 'payment_type' in 'where clause'","level":"error","message":"mainDb query failed:","sql":"SELECT \n            SUM(payment) AS total_paid,\n            COUNT(*) AS payment_count,\n            MIN(payment_date) AS first_payment_date,\n            MAX(payment_date) AS last_payment_date\n          FROM payments\n          WHERE loan_code = ?\n            AND payment_date < ?\n            AND payment_type IN ('cash', 'CDK', 'Online Payment', 'Bank Deposit')\n            AND status = 'approved'","timestamp":"2026-08-10T07:21:42.430Z"}
{"level":"error","message":"[InterestIncome] Error processing loan G04/029/003/10/20260803:","timestamp":"2026-08-10T07:21:42.430Z"}
{"level":"error","message":"[InterestIncome] Record data:","timestamp":"2026-08-10T07:21:42.430Z"}
{"error":"Unknown column 'payment_type' in 'where clause'","level":"error","message":"mainDb query failed:","sql":"SELECT \n            SUM(payment) AS total_paid,\n            COUNT(*) AS payment_count,\n            MIN(payment_date) AS first_payment_date,\n            MAX(payment_date) AS last_payment_date\n          FROM payments\n          WHERE loan_code = ?\n            AND payment_date < ?\n            AND payment_type IN ('cash', 'CDK', 'Online Payment', 'Bank Deposit')\n            AND status = 'approved'","timestamp":"2026-08-10T07:21:42.660Z"}
{"level":"error","message":"[InterestIncome] Error processing loan G04/035/001/04/20260806:","timestamp":"2026-08-10T07:21:42.661Z"}
{"level":"error","message":"[InterestIncome] Record data:","timestamp":"2026-08-10T07:21:42.662Z"}
{"error":"Unknown column 'payment_type' in 'where clause'","level":"error","message":"mainDb query failed:","sql":"SELECT \n            SUM(payment) AS total_paid,\n            COUNT(*) AS payment_count,\n            MIN(payment_date) AS first_payment_date,\n            MAX(payment_date) AS last_payment_date\n          FROM payments\n          WHERE loan_code = ?\n            AND payment_date < ?\n            AND payment_type IN ('cash', 'CDK', 'Online Payment', 'Bank Deposit')\n            AND status = 'approved'","timestamp":"2026-08-10T07:21:42.866Z"}
{"level":"error","message":"[InterestIncome] Error processing loan G04/042/001/01/20260804:","timestamp":"2026-08-10T07:21:42.866Z"}
{"level":"error","message":"[InterestIncome] Record data:","timestamp":"2026-08-10T07:21:42.867Z"}
{"error":"Unknown column 'payment_type' in 'where clause'","level":"error","message":"mainDb query failed:","sql":"SELECT \n            SUM(payment) AS total_paid,\n            COUNT(*) AS payment_count,\n            MIN(payment_date) AS first_payment_date,\n            MAX(payment_date) AS last_payment_date\n          FROM payments\n          WHERE loan_code = ?\n            AND payment_date < ?\n            AND payment_type IN ('cash', 'CDK', 'Online Payment', 'Bank Deposit')\n            AND status = 'approved'","timestamp":"2026-08-10T07:21:43.075Z"}
{"level":"error","message":"[InterestIncome] Error processing loan G04/048/001/04/20260804:","timestamp":"2026-08-10T07:21:43.076Z"}
{"level":"error","message":"[InterestIncome] Record data:","timestamp":"2026-08-10T07:21:43.076Z"}
{"error":"Unknown column 'payment_type' in 'where clause'","level":"error","message":"mainDb query failed:","sql":"SELECT \n            SUM(payment) AS total_paid,\n            COUNT(*) AS payment_count,\n            MIN(payment_date) AS first_payment_date,\n            MAX(payment_date) AS last_payment_date\n          FROM payments\n          WHERE loan_code = ?\n            AND payment_date < ?\n            AND payment_type IN ('cash', 'CDK', 'Online Payment', 'Bank Deposit')\n            AND status = 'approved'","timestamp":"2026-08-10T07:21:43.290Z"}
{"level":"error","message":"[InterestIncome] Error processing loan G04/049/001/04/20260804:","timestamp":"2026-08-10T07:21:43.290Z"}
{"level":"error","message":"[InterestIncome] Record data:","timestamp":"2026-08-10T07:21:43.290Z"}
{"error":"Unknown column 'payment_type' in 'where clause'","level":"error","message":"mainDb query failed:","sql":"SELECT \n            SUM(payment) AS total_paid,\n            COUNT(*) AS payment_count,\n            MIN(payment_date) AS first_payment_date,\n            MAX(payment_date) AS last_payment_date\n          FROM payments\n          WHERE loan_code = ?\n            AND payment_date < ?\n            AND payment_type IN ('cash', 'CDK', 'Online Payment', 'Bank Deposit')\n            AND status = 'approved'","timestamp":"2026-08-10T07:21:43.502Z"}
{"level":"error","message":"[InterestIncome] Error processing loan G04/049/004/15/20260804:","timestamp":"2026-08-10T07:21:43.502Z"}
{"level":"error","message":"[InterestIncome] Record data:","timestamp":"2026-08-10T07:21:43.502Z"}
{"error":"Unknown column 'payment_type' in 'where clause'","level":"error","message":"mainDb query failed:","sql":"SELECT \n            SUM(payment) AS total_paid,\n            COUNT(*) AS payment_count,\n            MIN(payment_date) AS first_payment_date,\n            MAX(payment_date) AS last_payment_date\n          FROM payments\n          WHERE loan_code = ?\n            AND payment_date < ?\n            AND payment_type IN ('cash', 'CDK', 'Online Payment', 'Bank Deposit')\n            AND status = 'approved'","timestamp":"2026-08-10T07:21:43.706Z"}
{"level":"error","message":"[InterestIncome] Error processing loan G04/049/005/19/20260804:","timestamp":"2026-08-10T07:21:43.706Z"}
{"level":"error","message":"[InterestIncome] Record data:","timestamp":"2026-08-10T07:21:43.707Z"}
{"error":"Unknown column 'payment_type' in 'where clause'","level":"error","message":"mainDb query failed:","sql":"SELECT \n            SUM(payment) AS total_paid,\n            COUNT(*) AS payment_count,\n            MIN(payment_date) AS first_payment_date,\n            MAX(payment_date) AS last_payment_date\n          FROM payments\n          WHERE loan_code = ?\n            AND payment_date < ?\n            AND payment_type IN ('cash', 'CDK', 'Online Payment', 'Bank Deposit')\n            AND status = 'approved'","timestamp":"2026-08-10T07:21:43.910Z"}
{"level":"error","message":"[InterestIncome] Error processing loan G04/054/003/08/20260805:","timestamp":"2026-08-10T07:21:43.910Z"}
{"level":"error","message":"[InterestIncome] Record data:","timestamp":"2026-08-10T07:21:43.911Z"}
{"error":"Unknown column 'payment_type' in 'where clause'","level":"error","message":"mainDb query failed:","sql":"SELECT \n            SUM(payment) AS total_paid,\n            COUNT(*) AS payment_count,\n            MIN(payment_date) AS first_payment_date,\n            MAX(payment_date) AS last_payment_date\n          FROM payments\n          WHERE loan_code = ?\n            AND payment_date < ?\n            AND payment_type IN ('cash', 'CDK', 'Online Payment', 'Bank Deposit')\n            AND status = 'approved'","timestamp":"2026-08-10T07:21:44.120Z"}
{"level":"error","message":"[InterestIncome] Error processing loan G04/054/005/14/20260805:","timestamp":"2026-08-10T07:21:44.121Z"}
{"level":"error","message":"[InterestIncome] Record data:","timestamp":"2026-08-10T07:21:44.121Z"}
{"error":"Unknown column 'payment_type' in 'where clause'","level":"error","message":"mainDb query failed:","sql":"SELECT \n            SUM(payment) AS total_paid,\n            COUNT(*) AS payment_count,\n            MIN(payment_date) AS first_payment_date,\n            MAX(payment_date) AS last_payment_date\n          FROM payments\n          WHERE loan_code = ?\n            AND payment_date < ?\n            AND payment_type IN ('cash', 'CDK', 'Online Payment', 'Bank Deposit')\n            AND status = 'approved'","timestamp":"2026-08-10T07:21:44.330Z"}
{"level":"error","message":"[InterestIncome] Error processing loan G04/056/003/10/20260805:","timestamp":"2026-08-10T07:21:44.330Z"}
{"level":"error","message":"[InterestIncome] Record data:","timestamp":"2026-08-10T07:21:44.330Z"}
{"error":"Unknown column 'payment_type' in 'where clause'","level":"error","message":"mainDb query failed:","sql":"SELECT \n            SUM(payment) AS total_paid,\n            COUNT(*) AS payment_count,\n            MIN(payment_date) AS first_payment_date,\n            MAX(payment_date) AS last_payment_date\n          FROM payments\n          WHERE loan_code = ?\n            AND payment_date < ?\n            AND payment_type IN ('cash', 'CDK', 'Online Payment', 'Bank Deposit')\n            AND status = 'approved'","timestamp":"2026-08-10T07:21:44.533Z"}
{"level":"error","message":"[InterestIncome] Error processing loan G04/056/004/14/20260805:","timestamp":"2026-08-10T07:21:44.533Z"}
{"level":"error","message":"[InterestIncome] Record data:","timestamp":"2026-08-10T07:21:44.534Z"}
{"error":"Unknown column 'payment_type' in 'where clause'","level":"error","message":"mainDb query failed:","sql":"SELECT \n            SUM(payment) AS total_paid,\n            COUNT(*) AS payment_count,\n            MIN(payment_date) AS first_payment_date,\n            MAX(payment_date) AS last_payment_date\n          FROM payments\n          WHERE loan_code = ?\n            AND payment_date < ?\n            AND payment_type IN ('cash', 'CDK', 'Online Payment', 'Bank Deposit')\n            AND status = 'approved'","timestamp":"2026-08-10T07:21:44.736Z"}
{"level":"error","message":"[InterestIncome] Error processing loan G04/057/001/03/20260805:","timestamp":"2026-08-10T07:21:44.737Z"}
{"level":"error","message":"[InterestIncome] Record data:","timestamp":"2026-08-10T07:21:44.737Z"}
{"error":"Unknown column 'payment_type' in 'where clause'","level":"error","message":"mainDb query failed:","sql":"SELECT \n            SUM(payment) AS total_paid,\n            COUNT(*) AS payment_count,\n            MIN(payment_date) AS first_payment_date,\n            MAX(payment_date) AS last_payment_date\n          FROM payments\n          WHERE loan_code = ?\n            AND payment_date < ?\n            AND payment_type IN ('cash', 'CDK', 'Online Payment', 'Bank Deposit')\n            AND status = 'approved'","timestamp":"2026-08-10T07:21:44.951Z"}
{"level":"error","message":"[InterestIncome] Error processing loan G04/063/002/06/20260805:","timestamp":"2026-08-10T07:21:44.951Z"}
{"level":"error","message":"[InterestIncome] Record data:","timestamp":"2026-08-10T07:21:44.951Z"}
{"error":"Unknown column 'payment_type' in 'where clause'","level":"error","message":"mainDb query failed:","sql":"SELECT \n            SUM(payment) AS total_paid,\n            COUNT(*) AS payment_count,\n            MIN(payment_date) AS first_payment_date,\n            MAX(payment_date) AS last_payment_date\n          FROM payments\n          WHERE loan_code = ?\n            AND payment_date < ?\n            AND payment_type IN ('cash', 'CDK', 'Online Payment', 'Bank Deposit')\n            AND status = 'approved'","timestamp":"2026-08-10T07:21:45.150Z"}
{"level":"error","message":"[InterestIncome] Error processing loan G04/063/003/12/20260805:","timestamp":"2026-08-10T07:21:45.150Z"}
{"level":"error","message":"[InterestIncome] Record data:","timestamp":"2026-08-10T07:21:45.150Z"}
{"error":"Unknown column 'payment_type' in 'where clause'","level":"error","message":"mainDb query failed:","sql":"SELECT \n            SUM(payment) AS total_paid,\n            COUNT(*) AS payment_count,\n            MIN(payment_date) AS first_payment_date,\n            MAX(payment_date) AS last_payment_date\n          FROM payments\n          WHERE loan_code = ?\n            AND payment_date < ?\n            AND payment_type IN ('cash', 'CDK', 'Online Payment', 'Bank Deposit')\n            AND status = 'approved'","timestamp":"2026-08-10T07:21:45.355Z"}
{"level":"error","message":"[InterestIncome] Error processing loan G04/064/001/04/20260805:","timestamp":"2026-08-10T07:21:45.355Z"}
{"level":"error","message":"[InterestIncome] Record data:","timestamp":"2026-08-10T07:21:45.355Z"}
{"error":"Unknown column 'payment_type' in 'where clause'","level":"error","message":"mainDb query failed:","sql":"SELECT \n            SUM(payment) AS total_paid,\n            COUNT(*) AS payment_count,\n            MIN(payment_date) AS first_payment_date,\n            MAX(payment_date) AS last_payment_date\n          FROM payments\n          WHERE loan_code = ?\n            AND payment_date < ?\n            AND payment_type IN ('cash', 'CDK', 'Online Payment', 'Bank Deposit')\n            AND status = 'approved'","timestamp":"2026-08-10T07:21:45.561Z"}
{"level":"error","message":"[InterestIncome] Error processing loan G04/065/003/09/20260805:","timestamp":"2026-08-10T07:21:45.562Z"}
{"level":"error","message":"[InterestIncome] Record data:","timestamp":"2026-08-10T07:21:45.562Z"}
{"error":"Unknown column 'payment_type' in 'where clause'","level":"error","message":"mainDb query failed:","sql":"SELECT \n            SUM(payment) AS total_paid,\n            COUNT(*) AS payment_count,\n            MIN(payment_date) AS first_payment_date,\n            MAX(payment_date) AS last_payment_date\n          FROM payments\n          WHERE loan_code = ?\n            AND payment_date < ?\n            AND payment_type IN ('cash', 'CDK', 'Online Payment', 'Bank Deposit')\n            AND status = 'approved'","timestamp":"2026-08-10T07:21:45.765Z"}
{"level":"error","message":"[InterestIncome] Error processing loan G04/068/001/04/20260805:","timestamp":"2026-08-10T07:21:45.766Z"}
{"level":"error","message":"[InterestIncome] Record data:","timestamp":"2026-08-10T07:21:45.766Z"}
{"error":"Unknown column 'payment_type' in 'where clause'","level":"error","message":"mainDb query failed:","sql":"SELECT \n            SUM(payment) AS total_paid,\n            COUNT(*) AS payment_count,\n            MIN(payment_date) AS first_payment_date,\n            MAX(payment_date) AS last_payment_date\n          FROM payments\n          WHERE loan_code = ?\n            AND payment_date < ?\n            AND payment_type IN ('cash', 'CDK', 'Online Payment', 'Bank Deposit')\n            AND status = 'approved'","timestamp":"2026-08-10T07:21:45.970Z"}
{"level":"error","message":"[InterestIncome] Error processing loan G04/069/002/04/20260805:","timestamp":"2026-08-10T07:21:45.971Z"}
{"level":"error","message":"[InterestIncome] Record data:","timestamp":"2026-08-10T07:21:45.972Z"}
{"error":"Unknown column 'payment_type' in 'where clause'","level":"error","message":"mainDb query failed:","sql":"SELECT \n            SUM(payment) AS total_paid,\n            COUNT(*) AS payment_count,\n            MIN(payment_date) AS first_payment_date,\n            MAX(payment_date) AS last_payment_date\n          FROM payments\n          WHERE loan_code = ?\n            AND payment_date < ?\n            AND payment_type IN ('cash', 'CDK', 'Online Payment', 'Bank Deposit')\n            AND status = 'approved'","timestamp":"2026-08-10T07:21:46.190Z"}
{"level":"error","message":"[InterestIncome] Error processing loan G04/076/001/04/20260805:","timestamp":"2026-08-10T07:21:46.191Z"}
{"level":"error","message":"[InterestIncome] Record data:","timestamp":"2026-08-10T07:21:46.191Z"}
{"error":"Unknown column 'payment_type' in 'where clause'","level":"error","message":"mainDb query failed:","sql":"SELECT \n            SUM(payment) AS total_paid,\n            COUNT(*) AS payment_count,\n            MIN(payment_date) AS first_payment_date,\n            MAX(payment_date) AS last_payment_date\n          FROM payments\n          WHERE loan_code = ?\n            AND payment_date < ?\n            AND payment_type IN ('cash', 'CDK', 'Online Payment', 'Bank Deposit')\n            AND status = 'approved'","timestamp":"2026-08-10T07:21:46.406Z"}
{"level":"error","message":"[InterestIncome] Error processing loan G04/078/001/01/20260805:","timestamp":"2026-08-10T07:21:46.407Z"}
{"level":"error","message":"[InterestIncome] Record data:","timestamp":"2026-08-10T07:21:46.407Z"}
{"error":"Unknown column 'payment_type' in 'where clause'","level":"error","message":"mainDb query failed:","sql":"SELECT \n            SUM(payment) AS total_paid,\n            COUNT(*) AS payment_count,\n            MIN(payment_date) AS first_payment_date,\n            MAX(payment_date) AS last_payment_date\n          FROM payments\n          WHERE loan_code = ?\n            AND payment_date < ?\n            AND payment_type IN ('cash', 'CDK', 'Online Payment', 'Bank Deposit')\n            AND status = 'approved'","timestamp":"2026-08-10T07:21:46.627Z"}
{"level":"error","message":"[InterestIncome] Error processing loan G05/022/002/06/20260804:","timestamp":"2026-08-10T07:21:46.628Z"}
{"level":"error","message":"[InterestIncome] Record data:","timestamp":"2026-08-10T07:21:46.628Z"}
{"error":"Unknown column 'payment_type' in 'where clause'","level":"error","message":"mainDb query failed:","sql":"SELECT \n            SUM(payment) AS total_paid,\n            COUNT(*) AS payment_count,\n            MIN(payment_date) AS first_payment_date,\n            MAX(payment_date) AS last_payment_date\n          FROM payments\n          WHERE loan_code = ?\n            AND payment_date < ?\n            AND payment_type IN ('cash', 'CDK', 'Online Payment', 'Bank Deposit')\n            AND status = 'approved'","timestamp":"2026-08-10T07:21:46.866Z"}
{"level":"error","message":"[InterestIncome] Error processing loan G05/039/001/01/20260806:","timestamp":"2026-08-10T07:21:46.867Z"}
{"level":"error","message":"[InterestIncome] Record data:","timestamp":"2026-08-10T07:21:46.868Z"}
{"error":"Unknown column 'payment_type' in 'where clause'","level":"error","message":"mainDb query failed:","sql":"SELECT \n            SUM(payment) AS total_paid,\n            COUNT(*) AS payment_count,\n            MIN(payment_date) AS first_payment_date,\n            MAX(payment_date) AS last_payment_date\n          FROM payments\n          WHERE loan_code = ?\n            AND payment_date < ?\n            AND payment_type IN ('cash', 'CDK', 'Online Payment', 'Bank Deposit')\n            AND status = 'approved'","timestamp":"2026-08-10T07:21:47.107Z"}
{"level":"error","message":"[InterestIncome] Error processing loan G05/039/005/17/20260806:","timestamp":"2026-08-10T07:21:47.107Z"}
{"level":"error","message":"[InterestIncome] Record data:","timestamp":"2026-08-10T07:21:47.107Z"}
{"error":"Unknown column 'payment_type' in 'where clause'","level":"error","message":"mainDb query failed:","sql":"SELECT \n            SUM(payment) AS total_paid,\n            COUNT(*) AS payment_count,\n            MIN(payment_date) AS first_payment_date,\n            MAX(payment_date) AS last_payment_date\n          FROM payments\n          WHERE loan_code = ?\n            AND payment_date < ?\n            AND payment_type IN ('cash', 'CDK', 'Online Payment', 'Bank Deposit')\n            AND status = 'approved'","timestamp":"2026-08-10T07:21:47.348Z"}
{"level":"error","message":"[InterestIncome] Error processing loan G05/050/003/08/20260806:","timestamp":"2026-08-10T07:21:47.349Z"}
{"level":"error","message":"[InterestIncome] Record data:","timestamp":"2026-08-10T07:21:47.349Z"}
{"error":"Unknown column 'payment_type' in 'where clause'","level":"error","message":"mainDb query failed:","sql":"SELECT \n            SUM(payment) AS total_paid,\n            COUNT(*) AS payment_count,\n            MIN(payment_date) AS first_payment_date,\n            MAX(payment_date) AS last_payment_date\n          FROM payments\n          WHERE loan_code = ?\n            AND payment_date < ?\n            AND payment_type IN ('cash', 'CDK', 'Online Payment', 'Bank Deposit')\n            AND status = 'approved'","timestamp":"2026-08-10T07:21:47.589Z"}
{"level":"error","message":"[InterestIncome] Error processing loan G05/069/004/11/20260806:","timestamp":"2026-08-10T07:21:47.590Z"}
{"level":"error","message":"[InterestIncome] Record data:","timestamp":"2026-08-10T07:21:47.590Z"}
{"error":"Unknown column 'payment_type' in 'where clause'","level":"error","message":"mainDb query failed:","sql":"SELECT \n            SUM(payment) AS total_paid,\n            COUNT(*) AS payment_count,\n            MIN(payment_date) AS first_payment_date,\n            MAX(payment_date) AS last_payment_date\n          FROM payments\n          WHERE loan_code = ?\n            AND payment_date < ?\n            AND payment_type IN ('cash', 'CDK', 'Online Payment', 'Bank Deposit')\n            AND status = 'approved'","timestamp":"2026-08-10T07:21:47.831Z"}
{"level":"error","message":"[InterestIncome] Error processing loan G05/073/002/06/20260804:","timestamp":"2026-08-10T07:21:47.831Z"}
{"level":"error","message":"[InterestIncome] Record data:","timestamp":"2026-08-10T07:21:47.832Z"}
{"error":"Unknown column 'payment_type' in 'where clause'","level":"error","message":"mainDb query failed:","sql":"SELECT \n            SUM(payment) AS total_paid,\n            COUNT(*) AS payment_count,\n            MIN(payment_date) AS first_payment_date,\n            MAX(payment_date) AS last_payment_date\n          FROM payments\n          WHERE loan_code = ?\n            AND payment_date < ?\n            AND payment_type IN ('cash', 'CDK', 'Online Payment', 'Bank Deposit')\n            AND status = 'approved'","timestamp":"2026-08-10T07:21:48.068Z"}
{"level":"error","message":"[InterestIncome] Error processing loan G05/079/003/09/20260804:","timestamp":"2026-08-10T07:21:48.068Z"}
{"level":"error","message":"[InterestIncome] Record data:","timestamp":"2026-08-10T07:21:48.069Z"}
{"error":"Unknown column 'payment_type' in 'where clause'","level":"error","message":"mainDb query failed:","sql":"SELECT \n            SUM(payment) AS total_paid,\n            COUNT(*) AS payment_count,\n            MIN(payment_date) AS first_payment_date,\n            MAX(payment_date) AS last_payment_date\n          FROM payments\n          WHERE loan_code = ?\n            AND payment_date < ?\n            AND payment_type IN ('cash', 'CDK', 'Online Payment', 'Bank Deposit')\n            AND status = 'approved'","timestamp":"2026-08-10T07:21:48.311Z"}
{"level":"error","message":"[InterestIncome] Error processing loan G05/081/004/09/20260804:","timestamp":"2026-08-10T07:21:48.312Z"}
{"level":"error","message":"[InterestIncome] Record data:","timestamp":"2026-08-10T07:21:48.312Z"}
{"error":"Unknown column 'payment_type' in 'where clause'","level":"error","message":"mainDb query failed:","sql":"SELECT \n            SUM(payment) AS total_paid,\n            COUNT(*) AS payment_count,\n            MIN(payment_date) AS first_payment_date,\n            MAX(payment_date) AS last_payment_date\n          FROM payments\n          WHERE loan_code = ?\n            AND payment_date < ?\n            AND payment_type IN ('cash', 'CDK', 'Online Payment', 'Bank Deposit')\n            AND status = 'approved'","timestamp":"2026-08-10T07:21:48.562Z"}
{"level":"error","message":"[InterestIncome] Error processing loan G05/085/004/12/20260806:","timestamp":"2026-08-10T07:21:48.564Z"}
{"level":"error","message":"[InterestIncome] Record data:","timestamp":"2026-08-10T07:21:48.564Z"}
{"error":"Unknown column 'payment_type' in 'where clause'","level":"error","message":"mainDb query failed:","sql":"SELECT \n            SUM(payment) AS total_paid,\n            COUNT(*) AS payment_count,\n            MIN(payment_date) AS first_payment_date,\n            MAX(payment_date) AS last_payment_date\n          FROM payments\n          WHERE loan_code = ?\n            AND payment_date < ?\n            AND payment_type IN ('cash', 'CDK', 'Online Payment', 'Bank Deposit')\n            AND status = 'approved'","timestamp":"2026-08-10T07:21:48.786Z"}
{"level":"error","message":"[InterestIncome] Error processing loan G05/088/001/01/20260803:","timestamp":"2026-08-10T07:21:48.786Z"}
{"level":"error","message":"[InterestIncome] Record data:","timestamp":"2026-08-10T07:21:48.786Z"}
{"error":"Unknown column 'payment_type' in 'where clause'","level":"error","message":"mainDb query failed:","sql":"SELECT \n            SUM(payment) AS total_paid,\n            COUNT(*) AS payment_count,\n            MIN(payment_date) AS first_payment_date,\n            MAX(payment_date) AS last_payment_date\n          FROM payments\n          WHERE loan_code = ?\n            AND payment_date < ?\n            AND payment_type IN ('cash', 'CDK', 'Online Payment', 'Bank Deposit')\n            AND status = 'approved'","timestamp":"2026-08-10T07:21:49.028Z"}
{"level":"error","message":"[InterestIncome] Error processing loan G05/088/003/11/20260803:","timestamp":"2026-08-10T07:21:49.028Z"}
{"level":"error","message":"[InterestIncome] Record data:","timestamp":"2026-08-10T07:21:49.029Z"}
{"error":"Unknown column 'payment_type' in 'where clause'","level":"error","message":"mainDb query failed:","sql":"SELECT \n            SUM(payment) AS total_paid,\n            COUNT(*) AS payment_count,\n            MIN(payment_date) AS first_payment_date,\n            MAX(payment_date) AS last_payment_date\n          FROM payments\n          WHERE loan_code = ?\n            AND payment_date < ?\n            AND payment_type IN ('cash', 'CDK', 'Online Payment', 'Bank Deposit')\n            AND status = 'approved'","timestamp":"2026-08-10T07:21:49.273Z"}
{"level":"error","message":"[InterestIncome] Error processing loan G05/088/003/12/20260803:","timestamp":"2026-08-10T07:21:49.274Z"}
{"level":"error","message":"[InterestIncome] Record data:","timestamp":"2026-08-10T07:21:49.274Z"}
{"error":"Unknown column 'payment_type' in 'where clause'","level":"error","message":"mainDb query failed:","sql":"SELECT \n            SUM(payment) AS total_paid,\n            COUNT(*) AS payment_count,\n            MIN(payment_date) AS first_payment_date,\n            MAX(payment_date) AS last_payment_date\n          FROM payments\n          WHERE loan_code = ?\n            AND payment_date < ?\n            AND payment_type IN ('cash', 'CDK', 'Online Payment', 'Bank Deposit')\n            AND status = 'approved'","timestamp":"2026-08-10T07:21:49.506Z"}
{"level":"error","message":"[InterestIncome] Error processing loan G05/088/005/21/20260803:","timestamp":"2026-08-10T07:21:49.508Z"}
{"level":"error","message":"[InterestIncome] Record data:","timestamp":"2026-08-10T07:21:49.508Z"}
{"error":"Unknown column 'payment_type' in 'where clause'","level":"error","message":"mainDb query failed:","sql":"SELECT \n            SUM(payment) AS total_paid,\n            COUNT(*) AS payment_count,\n            MIN(payment_date) AS first_payment_date,\n            MAX(payment_date) AS last_payment_date\n          FROM payments\n          WHERE loan_code = ?\n            AND payment_date < ?\n            AND payment_type IN ('cash', 'CDK', 'Online Payment', 'Bank Deposit')\n            AND status = 'approved'","timestamp":"2026-08-10T07:21:49.747Z"}
{"level":"error","message":"[InterestIncome] Error processing loan G05/089/002/09/20260803:","timestamp":"2026-08-10T07:21:49.747Z"}
{"level":"error","message":"[InterestIncome] Record data:","timestamp":"2026-08-10T07:21:49.748Z"}
{"error":"Unknown column 'payment_type' in 'where clause'","level":"error","message":"mainDb query failed:","sql":"SELECT \n            SUM(payment) AS total_paid,\n            COUNT(*) AS payment_count,\n            MIN(payment_date) AS first_payment_date,\n            MAX(payment_date) AS last_payment_date\n          FROM payments\n          WHERE loan_code = ?\n            AND payment_date < ?\n            AND payment_type IN ('cash', 'CDK', 'Online Payment', 'Bank Deposit')\n            AND status = 'approved'","timestamp":"2026-08-10T07:21:50.001Z"}
{"level":"error","message":"[InterestIncome] Error processing loan G05/090/001/04/20260803:","timestamp":"2026-08-10T07:21:50.002Z"}
{"level":"error","message":"[InterestIncome] Record data:","timestamp":"2026-08-10T07:21:50.002Z"}
{"error":"Unknown column 'payment_type' in 'where clause'","level":"error","message":"mainDb query failed:","sql":"SELECT \n            SUM(payment) AS total_paid,\n            COUNT(*) AS payment_count,\n            MIN(payment_date) AS first_payment_date,\n            MAX(payment_date) AS last_payment_date\n          FROM payments\n          WHERE loan_code = ?\n            AND payment_date < ?\n            AND payment_type IN ('cash', 'CDK', 'Online Payment', 'Bank Deposit')\n            AND status = 'approved'","timestamp":"2026-08-10T07:21:50.227Z"}
{"level":"error","message":"[InterestIncome] Error processing loan G05/094/002/06/20260803:","timestamp":"2026-08-10T07:21:50.228Z"}
{"level":"error","message":"[InterestIncome] Record data:","timestamp":"2026-08-10T07:21:50.228Z"}
{"error":"Unknown column 'payment_type' in 'where clause'","level":"error","message":"mainDb query failed:","sql":"SELECT \n            SUM(payment) AS total_paid,\n            COUNT(*) AS payment_count,\n            MIN(payment_date) AS first_payment_date,\n            MAX(payment_date) AS last_payment_date\n          FROM payments\n          WHERE loan_code = ?\n            AND payment_date < ?\n            AND payment_type IN ('cash', 'CDK', 'Online Payment', 'Bank Deposit')\n            AND status = 'approved'","timestamp":"2026-08-10T07:21:50.481Z"}
{"level":"error","message":"[InterestIncome] Error processing loan G05/096/001/04/20260803:","timestamp":"2026-08-10T07:21:50.481Z"}
{"level":"error","message":"[InterestIncome] Record data:","timestamp":"2026-08-10T07:21:50.482Z"}
{"error":"Unknown column 'payment_type' in 'where clause'","level":"error","message":"mainDb query failed:","sql":"SELECT \n            SUM(payment) AS total_paid,\n            COUNT(*) AS payment_count,\n            MIN(payment_date) AS first_payment_date,\n            MAX(payment_date) AS last_payment_date\n          FROM payments\n          WHERE loan_code = ?\n            AND payment_date < ?\n            AND payment_type IN ('cash', 'CDK', 'Online Payment', 'Bank Deposit')\n            AND status = 'approved'","timestamp":"2026-08-10T07:21:50.706Z"}
{"level":"error","message":"[InterestIncome] Error processing loan G05/096/003/10/20260803:","timestamp":"2026-08-10T07:21:50.707Z"}
{"level":"error","message":"[InterestIncome] Record data:","timestamp":"2026-08-10T07:21:50.708Z"}
{"error":"Unknown column 'payment_type' in 'where clause'","level":"error","message":"mainDb query failed:","sql":"SELECT \n            SUM(payment) AS total_paid,\n            COUNT(*) AS payment_count,\n            MIN(payment_date) AS first_payment_date,\n            MAX(payment_date) AS last_payment_date\n          FROM payments\n          WHERE loan_code = ?\n            AND payment_date < ?\n            AND payment_type IN ('cash', 'CDK', 'Online Payment', 'Bank Deposit')\n            AND status = 'approved'","timestamp":"2026-08-10T07:21:50.947Z"}
{"level":"error","message":"[InterestIncome] Error processing loan G05/098/002/04/20260805:","timestamp":"2026-08-10T07:21:50.948Z"}
{"level":"error","message":"[InterestIncome] Record data:","timestamp":"2026-08-10T07:21:50.948Z"}
{"error":"Unknown column 'payment_type' in 'where clause'","level":"error","message":"mainDb query failed:","sql":"SELECT \n            SUM(payment) AS total_paid,\n            COUNT(*) AS payment_count,\n            MIN(payment_date) AS first_payment_date,\n            MAX(payment_date) AS last_payment_date\n          FROM payments\n          WHERE loan_code = ?\n            AND payment_date < ?\n            AND payment_type IN ('cash', 'CDK', 'Online Payment', 'Bank Deposit')\n            AND status = 'approved'","timestamp":"2026-08-10T07:21:51.187Z"}
{"level":"error","message":"[InterestIncome] Error processing loan G05/098/003/10/20260805:","timestamp":"2026-08-10T07:21:51.188Z"}
{"level":"error","message":"[InterestIncome] Record data:","timestamp":"2026-08-10T07:21:51.188Z"}
{"error":"Unknown column 'payment_type' in 'where clause'","level":"error","message":"mainDb query failed:","sql":"SELECT \n            SUM(payment) AS total_paid,\n            COUNT(*) AS payment_count,\n            MIN(payment_date) AS first_payment_date,\n            MAX(payment_date) AS last_payment_date\n          FROM payments\n          WHERE loan_code = ?\n            AND payment_date < ?\n            AND payment_type IN ('cash', 'CDK', 'Online Payment', 'Bank Deposit')\n            AND status = 'approved'","timestamp":"2026-08-10T07:21:51.440Z"}
{"level":"error","message":"[InterestIncome] Error processing loan G05/104/003/13/20260803:","timestamp":"2026-08-10T07:21:51.441Z"}
{"level":"error","message":"[InterestIncome] Record data:","timestamp":"2026-08-10T07:21:51.441Z"}
{"error":"Unknown column 'payment_type' in 'where clause'","level":"error","message":"mainDb query failed:","sql":"SELECT \n            SUM(payment) AS total_paid,\n            COUNT(*) AS payment_count,\n            MIN(payment_date) AS first_payment_date,\n            MAX(payment_date) AS last_payment_date\n          FROM payments\n          WHERE loan_code = ?\n            AND payment_date < ?\n            AND payment_type IN ('cash', 'CDK', 'Online Payment', 'Bank Deposit')\n            AND status = 'approved'","timestamp":"2026-08-10T07:21:51.667Z"}
{"level":"error","message":"[InterestIncome] Error processing loan G05/105/002/06/20260805:","timestamp":"2026-08-10T07:21:51.667Z"}
{"level":"error","message":"[InterestIncome] Record data:","timestamp":"2026-08-10T07:21:51.668Z"}
{"error":"Unknown column 'payment_type' in 'where clause'","level":"error","message":"mainDb query failed:","sql":"SELECT \n            SUM(payment) AS total_paid,\n            COUNT(*) AS payment_count,\n            MIN(payment_date) AS first_payment_date,\n            MAX(payment_date) AS last_payment_date\n          FROM payments\n          WHERE loan_code = ?\n            AND payment_date < ?\n            AND payment_type IN ('cash', 'CDK', 'Online Payment', 'Bank Deposit')\n            AND status = 'approved'","timestamp":"2026-08-10T07:21:51.907Z"}
{"level":"error","message":"[InterestIncome] Error processing loan G05/108/002/07/20260805:","timestamp":"2026-08-10T07:21:51.908Z"}
{"level":"error","message":"[InterestIncome] Record data:","timestamp":"2026-08-10T07:21:51.908Z"}
{"error":"Unknown column 'payment_type' in 'where clause'","level":"error","message":"mainDb query failed:","sql":"SELECT \n            SUM(payment) AS total_paid,\n            COUNT(*) AS payment_count,\n            MIN(payment_date) AS first_payment_date,\n            MAX(payment_date) AS last_payment_date\n          FROM payments\n          WHERE loan_code = ?\n            AND payment_date < ?\n            AND payment_type IN ('cash', 'CDK', 'Online Payment', 'Bank Deposit')\n            AND status = 'approved'","timestamp":"2026-08-10T07:21:52.147Z"}
{"level":"error","message":"[InterestIncome] Error processing loan G05/111/001/04/20260805:","timestamp":"2026-08-10T07:21:52.147Z"}
{"level":"error","message":"[InterestIncome] Record data:","timestamp":"2026-08-10T07:21:52.148Z"}
{"error":"Unknown column 'payment_type' in 'where clause'","level":"error","message":"mainDb query failed:","sql":"SELECT \n            SUM(payment) AS total_paid,\n            COUNT(*) AS payment_count,\n            MIN(payment_date) AS first_payment_date,\n            MAX(payment_date) AS last_payment_date\n          FROM payments\n          WHERE loan_code = ?\n            AND payment_date < ?\n            AND payment_type IN ('cash', 'CDK', 'Online Payment', 'Bank Deposit')\n            AND status = 'approved'","timestamp":"2026-08-10T07:21:52.387Z"}
{"level":"error","message":"[InterestIncome] Error processing loan G05/112/004/14/20260805:","timestamp":"2026-08-10T07:21:52.388Z"}
{"level":"error","message":"[InterestIncome] Record data:","timestamp":"2026-08-10T07:21:52.389Z"}
{"error":"Unknown column 'payment_type' in 'where clause'","level":"error","message":"mainDb query failed:","sql":"SELECT \n            SUM(payment) AS total_paid,\n            COUNT(*) AS payment_count,\n            MIN(payment_date) AS first_payment_date,\n            MAX(payment_date) AS last_payment_date\n          FROM payments\n          WHERE loan_code = ?\n            AND payment_date < ?\n            AND payment_type IN ('cash', 'CDK', 'Online Payment', 'Bank Deposit')\n            AND status = 'approved'","timestamp":"2026-08-10T07:21:52.632Z"}
{"level":"error","message":"[InterestIncome] Error processing loan G05/115/001/01/20260805:","timestamp":"2026-08-10T07:21:52.632Z"}
{"level":"error","message":"[InterestIncome] Record data:","timestamp":"2026-08-10T07:21:52.633Z"}
{"error":"Unknown column 'payment_type' in 'where clause'","level":"error","message":"mainDb query failed:","sql":"SELECT \n            SUM(payment) AS total_paid,\n            COUNT(*) AS payment_count,\n            MIN(payment_date) AS first_payment_date,\n            MAX(payment_date) AS last_payment_date\n          FROM payments\n          WHERE loan_code = ?\n            AND payment_date < ?\n            AND payment_type IN ('cash', 'CDK', 'Online Payment', 'Bank Deposit')\n            AND status = 'approved'","timestamp":"2026-08-10T07:21:52.868Z"}
{"level":"error","message":"[InterestIncome] Error processing loan G05/117/001/04/20260805:","timestamp":"2026-08-10T07:21:52.869Z"}
{"level":"error","message":"[InterestIncome] Record data:","timestamp":"2026-08-10T07:21:52.869Z"}
{"error":"Unknown column 'payment_type' in 'where clause'","level":"error","message":"mainDb query failed:","sql":"SELECT \n            SUM(payment) AS total_paid,\n            COUNT(*) AS payment_count,\n            MIN(payment_date) AS first_payment_date,\n            MAX(payment_date) AS last_payment_date\n          FROM payments\n          WHERE loan_code = ?\n            AND payment_date < ?\n            AND payment_type IN ('cash', 'CDK', 'Online Payment', 'Bank Deposit')\n            AND status = 'approved'","timestamp":"2026-08-10T07:21:53.084Z"}
{"level":"error","message":"[InterestIncome] Error processing loan G05/120/001/01/20260805:","timestamp":"2026-08-10T07:21:53.084Z"}
{"level":"error","message":"[InterestIncome] Record data:","timestamp":"2026-08-10T07:21:53.084Z"}
{"error":"Unknown column 'payment_type' in 'where clause'","level":"error","message":"mainDb query failed:","sql":"SELECT \n            SUM(payment) AS total_paid,\n            COUNT(*) AS payment_count,\n            MIN(payment_date) AS first_payment_date,\n            MAX(payment_date) AS last_payment_date\n          FROM payments\n          WHERE loan_code = ?\n            AND payment_date < ?\n            AND payment_type IN ('cash', 'CDK', 'Online Payment', 'Bank Deposit')\n            AND status = 'approved'","timestamp":"2026-08-10T07:21:53.307Z"}
{"level":"error","message":"[InterestIncome] Error processing loan G05/122/001/03/20260803:","timestamp":"2026-08-10T07:21:53.307Z"}
{"level":"error","message":"[InterestIncome] Record data:","timestamp":"2026-08-10T07:21:53.307Z"}
{"error":"Unknown column 'payment_type' in 'where clause'","level":"error","message":"mainDb query failed:","sql":"SELECT \n            SUM(payment) AS total_paid,\n            COUNT(*) AS payment_count,\n            MIN(payment_date) AS first_payment_date,\n            MAX(payment_date) AS last_payment_date\n          FROM payments\n          WHERE loan_code = ?\n            AND payment_date < ?\n            AND payment_type IN ('cash', 'CDK', 'Online Payment', 'Bank Deposit')\n            AND status = 'approved'","timestamp":"2026-08-10T07:21:53.548Z"}
{"level":"error","message":"[InterestIncome] Error processing loan G05/126/001/02/20260805:","timestamp":"2026-08-10T07:21:53.549Z"}
{"level":"error","message":"[InterestIncome] Record data:","timestamp":"2026-08-10T07:21:53.550Z"}
{"error":"Unknown column 'payment_type' in 'where clause'","level":"error","message":"mainDb query failed:","sql":"SELECT \n            SUM(payment) AS total_paid,\n            COUNT(*) AS payment_count,\n            MIN(payment_date) AS first_payment_date,\n            MAX(payment_date) AS last_payment_date\n          FROM payments\n          WHERE loan_code = ?\n            AND payment_date < ?\n            AND payment_type IN ('cash', 'CDK', 'Online Payment', 'Bank Deposit')\n            AND status = 'approved'","timestamp":"2026-08-10T07:21:53.786Z"}
{"level":"error","message":"[InterestIncome] Error processing loan G05/131/002/08/20260804:","timestamp":"2026-08-10T07:21:53.786Z"}
{"level":"error","message":"[InterestIncome] Record data:","timestamp":"2026-08-10T07:21:53.786Z"}
{"error":"Unknown column 'payment_type' in 'where clause'","level":"error","message":"mainDb query failed:","sql":"SELECT \n            SUM(payment) AS total_paid,\n            COUNT(*) AS payment_count,\n            MIN(payment_date) AS first_payment_date,\n            MAX(payment_date) AS last_payment_date\n          FROM payments\n          WHERE loan_code = ?\n            AND payment_date < ?\n            AND payment_type IN ('cash', 'CDK', 'Online Payment', 'Bank Deposit')\n            AND status = 'approved'","timestamp":"2026-08-10T07:21:54.026Z"}
{"level":"error","message":"[InterestIncome] Error processing loan G06/008/002/05/20260806:","timestamp":"2026-08-10T07:21:54.026Z"}
{"level":"error","message":"[InterestIncome] Record data:","timestamp":"2026-08-10T07:21:54.026Z"}
{"error":"Unknown column 'payment_type' in 'where clause'","level":"error","message":"mainDb query failed:","sql":"SELECT \n            SUM(payment) AS total_paid,\n            COUNT(*) AS payment_count,\n            MIN(payment_date) AS first_payment_date,\n            MAX(payment_date) AS last_payment_date\n          FROM payments\n          WHERE loan_code = ?\n            AND payment_date < ?\n            AND payment_type IN ('cash', 'CDK', 'Online Payment', 'Bank Deposit')\n            AND status = 'approved'","timestamp":"2026-08-10T07:21:54.268Z"}
{"level":"error","message":"[InterestIncome] Error processing loan G06/010/002/04/20260806:","timestamp":"2026-08-10T07:21:54.268Z"}
{"level":"error","message":"[InterestIncome] Record data:","timestamp":"2026-08-10T07:21:54.269Z"}
{"error":"Unknown column 'payment_type' in 'where clause'","level":"error","message":"mainDb query failed:","sql":"SELECT \n            SUM(payment) AS total_paid,\n            COUNT(*) AS payment_count,\n            MIN(payment_date) AS first_payment_date,\n            MAX(payment_date) AS last_payment_date\n          FROM payments\n          WHERE loan_code = ?\n            AND payment_date < ?\n            AND payment_type IN ('cash', 'CDK', 'Online Payment', 'Bank Deposit')\n            AND status = 'approved'","timestamp":"2026-08-10T07:21:54.508Z"}
{"level":"error","message":"[InterestIncome] Error processing loan G06/014/003/09/20260806:","timestamp":"2026-08-10T07:21:54.509Z"}
{"level":"error","message":"[InterestIncome] Record data:","timestamp":"2026-08-10T07:21:54.509Z"}
{"error":"Unknown column 'payment_type' in 'where clause'","level":"error","message":"mainDb query failed:","sql":"SELECT \n            SUM(payment) AS total_paid,\n            COUNT(*) AS payment_count,\n            MIN(payment_date) AS first_payment_date,\n            MAX(payment_date) AS last_payment_date\n          FROM payments\n          WHERE loan_code = ?\n            AND payment_date < ?\n            AND payment_type IN ('cash', 'CDK', 'Online Payment', 'Bank Deposit')\n            AND status = 'approved'","timestamp":"2026-08-10T07:21:54.748Z"}
{"level":"error","message":"[InterestIncome] Error processing loan G06/014/003/12/20260806:","timestamp":"2026-08-10T07:21:54.748Z"}
{"level":"error","message":"[InterestIncome] Record data:","timestamp":"2026-08-10T07:21:54.749Z"}
{"error":"Unknown column 'payment_type' in 'where clause'","level":"error","message":"mainDb query failed:","sql":"SELECT \n            SUM(payment) AS total_paid,\n            COUNT(*) AS payment_count,\n            MIN(payment_date) AS first_payment_date,\n            MAX(payment_date) AS last_payment_date\n          FROM payments\n          WHERE loan_code = ?\n            AND payment_date < ?\n            AND payment_type IN ('cash', 'CDK', 'Online Payment', 'Bank Deposit')\n            AND status = 'approved'","timestamp":"2026-08-10T07:21:54.987Z"}
{"level":"error","message":"[InterestIncome] Error processing loan G06/015/002/07/20260803:","timestamp":"2026-08-10T07:21:54.988Z"}
{"level":"error","message":"[InterestIncome] Record data:","timestamp":"2026-08-10T07:21:54.988Z"}
{"error":"Unknown column 'payment_type' in 'where clause'","level":"error","message":"mainDb query failed:","sql":"SELECT \n            SUM(payment) AS total_paid,\n            COUNT(*) AS payment_count,\n            MIN(payment_date) AS first_payment_date,\n            MAX(payment_date) AS last_payment_date\n          FROM payments\n          WHERE loan_code = ?\n            AND payment_date < ?\n            AND payment_type IN ('cash', 'CDK', 'Online Payment', 'Bank Deposit')\n            AND status = 'approved'","timestamp":"2026-08-10T07:21:55.227Z"}
{"level":"error","message":"[InterestIncome] Error processing loan G06/015/004/13/20260803:","timestamp":"2026-08-10T07:21:55.227Z"}
{"level":"error","message":"[InterestIncome] Record data:","timestamp":"2026-08-10T07:21:55.228Z"}
{"error":"Unknown column 'payment_type' in 'where clause'","level":"error","message":"mainDb query failed:","sql":"SELECT \n            SUM(payment) AS total_paid,\n            COUNT(*) AS payment_count,\n            MIN(payment_date) AS first_payment_date,\n            MAX(payment_date) AS last_payment_date\n          FROM payments\n          WHERE loan_code = ?\n            AND payment_date < ?\n            AND payment_type IN ('cash', 'CDK', 'Online Payment', 'Bank Deposit')\n            AND status = 'approved'","timestamp":"2026-08-10T07:21:55.480Z"}
{"level":"error","message":"[InterestIncome] Error processing loan G06/018/001/01/20260805:","timestamp":"2026-08-10T07:21:55.480Z"}
{"level":"error","message":"[InterestIncome] Record data:","timestamp":"2026-08-10T07:21:55.480Z"}
{"error":"Unknown column 'payment_type' in 'where clause'","level":"error","message":"mainDb query failed:","sql":"SELECT \n            SUM(payment) AS total_paid,\n            COUNT(*) AS payment_count,\n            MIN(payment_date) AS first_payment_date,\n            MAX(payment_date) AS last_payment_date\n          FROM payments\n          WHERE loan_code = ?\n            AND payment_date < ?\n            AND payment_type IN ('cash', 'CDK', 'Online Payment', 'Bank Deposit')\n            AND status = 'approved'","timestamp":"2026-08-10T07:21:55.708Z"}
{"level":"error","message":"[InterestIncome] Error processing loan G06/019/003/09/20260805:","timestamp":"2026-08-10T07:21:55.709Z"}
{"level":"error","message":"[InterestIncome] Record data:","timestamp":"2026-08-10T07:21:55.709Z"}
{"error":"Unknown column 'payment_type' in 'where clause'","level":"error","message":"mainDb query failed:","sql":"SELECT \n            SUM(payment) AS total_paid,\n            COUNT(*) AS payment_count,\n            MIN(payment_date) AS first_payment_date,\n            MAX(payment_date) AS last_payment_date\n          FROM payments\n          WHERE loan_code = ?\n            AND payment_date < ?\n            AND payment_type IN ('cash', 'CDK', 'Online Payment', 'Bank Deposit')\n            AND status = 'approved'","timestamp":"2026-08-10T07:21:55.946Z"}
{"level":"error","message":"[InterestIncome] Error processing loan G06/034/001/03/20260804:","timestamp":"2026-08-10T07:21:55.946Z"}
{"level":"error","message":"[InterestIncome] Record data:","timestamp":"2026-08-10T07:21:55.946Z"}
{"error":"Unknown column 'payment_type' in 'where clause'","level":"error","message":"mainDb query failed:","sql":"SELECT \n            SUM(payment) AS total_paid,\n            COUNT(*) AS payment_count,\n            MIN(payment_date) AS first_payment_date,\n            MAX(payment_date) AS last_payment_date\n          FROM payments\n          WHERE loan_code = ?\n            AND payment_date < ?\n            AND payment_type IN ('cash', 'CDK', 'Online Payment', 'Bank Deposit')\n            AND status = 'approved'","timestamp":"2026-08-10T07:21:56.189Z"}
{"level":"error","message":"[InterestIncome] Error processing loan G06/035/003/08/20260804:","timestamp":"2026-08-10T07:21:56.189Z"}
{"level":"error","message":"[InterestIncome] Record data:","timestamp":"2026-08-10T07:21:56.189Z"}
{"error":"Unknown column 'payment_type' in 'where clause'","level":"error","message":"mainDb query failed:","sql":"SELECT \n            SUM(payment) AS total_paid,\n            COUNT(*) AS payment_count,\n            MIN(payment_date) AS first_payment_date,\n            MAX(payment_date) AS last_payment_date\n          FROM payments\n          WHERE loan_code = ?\n            AND payment_date < ?\n            AND payment_type IN ('cash', 'CDK', 'Online Payment', 'Bank Deposit')\n            AND status = 'approved'","timestamp":"2026-08-10T07:21:56.443Z"}
{"level":"error","message":"[InterestIncome] Error processing loan G06/048/003/10/20260806:","timestamp":"2026-08-10T07:21:56.444Z"}
{"level":"error","message":"[InterestIncome] Record data:","timestamp":"2026-08-10T07:21:56.444Z"}
{"error":"Unknown column 'payment_type' in 'where clause'","level":"error","message":"mainDb query failed:","sql":"SELECT \n            SUM(payment) AS total_paid,\n            COUNT(*) AS payment_count,\n            MIN(payment_date) AS first_payment_date,\n            MAX(payment_date) AS last_payment_date\n          FROM payments\n          WHERE loan_code = ?\n            AND payment_date < ?\n            AND payment_type IN ('cash', 'CDK', 'Online Payment', 'Bank Deposit')\n            AND status = 'approved'","timestamp":"2026-08-10T07:21:56.667Z"}
{"level":"error","message":"[InterestIncome] Error processing loan G06/050/002/09/20260806:","timestamp":"2026-08-10T07:21:56.667Z"}
{"level":"error","message":"[InterestIncome] Record data:","timestamp":"2026-08-10T07:21:56.667Z"}
{"error":"Unknown column 'payment_type' in 'where clause'","level":"error","message":"mainDb query failed:","sql":"SELECT \n            SUM(payment) AS total_paid,\n            COUNT(*) AS payment_count,\n            MIN(payment_date) AS first_payment_date,\n            MAX(payment_date) AS last_payment_date\n          FROM payments\n          WHERE loan_code = ?\n            AND payment_date < ?\n            AND payment_type IN ('cash', 'CDK', 'Online Payment', 'Bank Deposit')\n            AND status = 'approved'","timestamp":"2026-08-10T07:21:56.884Z"}
{"level":"error","message":"[InterestIncome] Error processing loan G06/051/002/07/20260803:","timestamp":"2026-08-10T07:21:56.884Z"}
{"level":"error","message":"[InterestIncome] Record data:","timestamp":"2026-08-10T07:21:56.884Z"}
{"error":"Unknown column 'payment_type' in 'where clause'","level":"error","message":"mainDb query failed:","sql":"SELECT \n            SUM(payment) AS total_paid,\n            COUNT(*) AS payment_count,\n            MIN(payment_date) AS first_payment_date,\n            MAX(payment_date) AS last_payment_date\n          FROM payments\n          WHERE loan_code = ?\n            AND payment_date < ?\n            AND payment_type IN ('cash', 'CDK', 'Online Payment', 'Bank Deposit')\n            AND status = 'approved'","timestamp":"2026-08-10T07:21:57.106Z"}
{"level":"error","message":"[InterestIncome] Error processing loan G06/054/001/03/20260804:","timestamp":"2026-08-10T07:21:57.107Z"}
{"level":"error","message":"[InterestIncome] Record data:","timestamp":"2026-08-10T07:21:57.107Z"}
{"error":"Unknown column 'payment_type' in 'where clause'","level":"error","message":"mainDb query failed:","sql":"SELECT \n            SUM(payment) AS total_paid,\n            COUNT(*) AS payment_count,\n            MIN(payment_date) AS first_payment_date,\n            MAX(payment_date) AS last_payment_date\n          FROM payments\n          WHERE loan_code = ?\n            AND payment_date < ?\n            AND payment_type IN ('cash', 'CDK', 'Online Payment', 'Bank Deposit')\n            AND status = 'approved'","timestamp":"2026-08-10T07:21:57.326Z"}
{"level":"error","message":"[InterestIncome] Error processing loan G06/056/001/03/20260804:","timestamp":"2026-08-10T07:21:57.327Z"}
{"level":"error","message":"[InterestIncome] Record data:","timestamp":"2026-08-10T07:21:57.327Z"}
{"error":"Unknown column 'payment_type' in 'where clause'","level":"error","message":"mainDb query failed:","sql":"SELECT \n            SUM(payment) AS total_paid,\n            COUNT(*) AS payment_count,\n            MIN(payment_date) AS first_payment_date,\n            MAX(payment_date) AS last_payment_date\n          FROM payments\n          WHERE loan_code = ?\n            AND payment_date < ?\n            AND payment_type IN ('cash', 'CDK', 'Online Payment', 'Bank Deposit')\n            AND status = 'approved'","timestamp":"2026-08-10T07:21:57.546Z"}
{"level":"error","message":"[InterestIncome] Error processing loan G06/058/002/04/20260804:","timestamp":"2026-08-10T07:21:57.547Z"}
{"level":"error","message":"[InterestIncome] Record data:","timestamp":"2026-08-10T07:21:57.547Z"}
{"error":"Unknown column 'payment_type' in 'where clause'","level":"error","message":"mainDb query failed:","sql":"SELECT \n            SUM(payment) AS total_paid,\n            COUNT(*) AS payment_count,\n            MIN(payment_date) AS first_payment_date,\n            MAX(payment_date) AS last_payment_date\n          FROM payments\n          WHERE loan_code = ?\n            AND payment_date < ?\n            AND payment_type IN ('cash', 'CDK', 'Online Payment', 'Bank Deposit')\n            AND status = 'approved'","timestamp":"2026-08-10T07:21:57.804Z"}
{"level":"error","message":"[InterestIncome] Error processing loan G06/059/001/02/20260805:","timestamp":"2026-08-10T07:21:57.805Z"}
{"level":"error","message":"[InterestIncome] Record data:","timestamp":"2026-08-10T07:21:57.805Z"}
{"error":"Unknown column 'payment_type' in 'where clause'","level":"error","message":"mainDb query failed:","sql":"SELECT \n            SUM(payment) AS total_paid,\n            COUNT(*) AS payment_count,\n            MIN(payment_date) AS first_payment_date,\n            MAX(payment_date) AS last_payment_date\n          FROM payments\n          WHERE loan_code = ?\n            AND payment_date < ?\n            AND payment_type IN ('cash', 'CDK', 'Online Payment', 'Bank Deposit')\n            AND status = 'approved'","timestamp":"2026-08-10T07:21:58.027Z"}
{"level":"error","message":"[InterestIncome] Error processing loan G06/062/002/06/20260806:","timestamp":"2026-08-10T07:21:58.028Z"}
{"level":"error","message":"[InterestIncome] Record data:","timestamp":"2026-08-10T07:21:58.028Z"}
{"error":"Unknown column 'payment_type' in 'where clause'","level":"error","message":"mainDb query failed:","sql":"SELECT \n            SUM(payment) AS total_paid,\n            COUNT(*) AS payment_count,\n            MIN(payment_date) AS first_payment_date,\n            MAX(payment_date) AS last_payment_date\n          FROM payments\n          WHERE loan_code = ?\n            AND payment_date < ?\n            AND payment_type IN ('cash', 'CDK', 'Online Payment', 'Bank Deposit')\n            AND status = 'approved'","timestamp":"2026-08-10T07:21:58.267Z"}
{"level":"error","message":"[InterestIncome] Error processing loan G06/064/001/05/20260804:","timestamp":"2026-08-10T07:21:58.267Z"}
{"level":"error","message":"[InterestIncome] Record data:","timestamp":"2026-08-10T07:21:58.267Z"}
{"error":"Unknown column 'payment_type' in 'where clause'","level":"error","message":"mainDb query failed:","sql":"SELECT \n            SUM(payment) AS total_paid,\n            COUNT(*) AS payment_count,\n            MIN(payment_date) AS first_payment_date,\n            MAX(payment_date) AS last_payment_date\n          FROM payments\n          WHERE loan_code = ?\n            AND payment_date < ?\n            AND payment_type IN ('cash', 'CDK', 'Online Payment', 'Bank Deposit')\n            AND status = 'approved'","timestamp":"2026-08-10T07:21:58.508Z"}
{"level":"error","message":"[InterestIncome] Error processing loan G06/066/001/03/20260804:","timestamp":"2026-08-10T07:21:58.508Z"}
{"level":"error","message":"[InterestIncome] Record data:","timestamp":"2026-08-10T07:21:58.508Z"}
{"error":"Unknown column 'payment_type' in 'where clause'","level":"error","message":"mainDb query failed:","sql":"SELECT \n            SUM(payment) AS total_paid,\n            COUNT(*) AS payment_count,\n            MIN(payment_date) AS first_payment_date,\n            MAX(payment_date) AS last_payment_date\n          FROM payments\n          WHERE loan_code = ?\n            AND payment_date < ?\n            AND payment_type IN ('cash', 'CDK', 'Online Payment', 'Bank Deposit')\n            AND status = 'approved'","timestamp":"2026-08-10T07:21:58.747Z"}
{"level":"error","message":"[InterestIncome] Error processing loan G06/070/001/01/20260804:","timestamp":"2026-08-10T07:21:58.748Z"}
{"level":"error","message":"[InterestIncome] Record data:","timestamp":"2026-08-10T07:21:58.748Z"}
{"error":"Unknown column 'payment_type' in 'where clause'","level":"error","message":"mainDb query failed:","sql":"SELECT \n            SUM(payment) AS total_paid,\n            COUNT(*) AS payment_count,\n            MIN(payment_date) AS first_payment_date,\n            MAX(payment_date) AS last_payment_date\n          FROM payments\n          WHERE loan_code = ?\n            AND payment_date < ?\n            AND payment_type IN ('cash', 'CDK', 'Online Payment', 'Bank Deposit')\n            AND status = 'approved'","timestamp":"2026-08-10T07:21:58.987Z"}
{"level":"error","message":"[InterestIncome] Error processing loan G06/071/002/04/20260805:","timestamp":"2026-08-10T07:21:58.988Z"}
{"level":"error","message":"[InterestIncome] Record data:","timestamp":"2026-08-10T07:21:58.988Z"}
{"error":"Unknown column 'payment_type' in 'where clause'","level":"error","message":"mainDb query failed:","sql":"SELECT \n            SUM(payment) AS total_paid,\n            COUNT(*) AS payment_count,\n            MIN(payment_date) AS first_payment_date,\n            MAX(payment_date) AS last_payment_date\n          FROM payments\n          WHERE loan_code = ?\n            AND payment_date < ?\n            AND payment_type IN ('cash', 'CDK', 'Online Payment', 'Bank Deposit')\n            AND status = 'approved'","timestamp":"2026-08-10T07:21:59.228Z"}
{"level":"error","message":"[InterestIncome] Error processing loan G06/072/001/02/20260805:","timestamp":"2026-08-10T07:21:59.229Z"}
{"level":"error","message":"[InterestIncome] Record data:","timestamp":"2026-08-10T07:21:59.229Z"}
{"error":"Unknown column 'payment_type' in 'where clause'","level":"error","message":"mainDb query failed:","sql":"SELECT \n            SUM(payment) AS total_paid,\n            COUNT(*) AS payment_count,\n            MIN(payment_date) AS first_payment_date,\n            MAX(payment_date) AS last_payment_date\n          FROM payments\n          WHERE loan_code = ?\n            AND payment_date < ?\n            AND payment_type IN ('cash', 'CDK', 'Online Payment', 'Bank Deposit')\n            AND status = 'approved'","timestamp":"2026-08-10T07:21:59.467Z"}
{"level":"error","message":"[InterestIncome] Error processing loan G06/073/001/01/20260805:","timestamp":"2026-08-10T07:21:59.468Z"}
{"level":"error","message":"[InterestIncome] Record data:","timestamp":"2026-08-10T07:21:59.468Z"}
{"error":"Unknown column 'payment_type' in 'where clause'","level":"error","message":"mainDb query failed:","sql":"SELECT \n            SUM(payment) AS total_paid,\n            COUNT(*) AS payment_count,\n            MIN(payment_date) AS first_payment_date,\n            MAX(payment_date) AS last_payment_date\n          FROM payments\n          WHERE loan_code = ?\n            AND payment_date < ?\n            AND payment_type IN ('cash', 'CDK', 'Online Payment', 'Bank Deposit')\n            AND status = 'approved'","timestamp":"2026-08-10T07:21:59.708Z"}
{"level":"error","message":"[InterestIncome] Error processing loan G06/075/001/01/20260804:","timestamp":"2026-08-10T07:21:59.708Z"}
{"level":"error","message":"[InterestIncome] Record data:","timestamp":"2026-08-10T07:21:59.708Z"}
{"error":"Unknown column 'payment_type' in 'where clause'","level":"error","message":"mainDb query failed:","sql":"SELECT \n            SUM(payment) AS total_paid,\n            COUNT(*) AS payment_count,\n            MIN(payment_date) AS first_payment_date,\n            MAX(payment_date) AS last_payment_date\n          FROM payments\n          WHERE loan_code = ?\n            AND payment_date < ?\n            AND payment_type IN ('cash', 'CDK', 'Online Payment', 'Bank Deposit')\n            AND status = 'approved'","timestamp":"2026-08-10T07:21:59.947Z"}
{"level":"error","message":"[InterestIncome] Error processing loan G06/079/001/03/20260804:","timestamp":"2026-08-10T07:21:59.948Z"}
{"level":"error","message":"[InterestIncome] Record data:","timestamp":"2026-08-10T07:21:59.948Z"}
{"error":"Unknown column 'payment_type' in 'where clause'","level":"error","message":"mainDb query failed:","sql":"SELECT \n            SUM(payment) AS total_paid,\n            COUNT(*) AS payment_count,\n            MIN(payment_date) AS first_payment_date,\n            MAX(payment_date) AS last_payment_date\n          FROM payments\n          WHERE loan_code = ?\n            AND payment_date < ?\n            AND payment_type IN ('cash', 'CDK', 'Online Payment', 'Bank Deposit')\n            AND status = 'approved'","timestamp":"2026-08-10T07:22:00.187Z"}
{"level":"error","message":"[InterestIncome] Error processing loan G06/080/002/05/20260804:","timestamp":"2026-08-10T07:22:00.188Z"}
{"level":"error","message":"[InterestIncome] Record data:","timestamp":"2026-08-10T07:22:00.188Z"}
{"error":"Unknown column 'payment_type' in 'where clause'","level":"error","message":"mainDb query failed:","sql":"SELECT \n            SUM(payment) AS total_paid,\n            COUNT(*) AS payment_count,\n            MIN(payment_date) AS first_payment_date,\n            MAX(payment_date) AS last_payment_date\n          FROM payments\n          WHERE loan_code = ?\n            AND payment_date < ?\n            AND payment_type IN ('cash', 'CDK', 'Online Payment', 'Bank Deposit')\n            AND status = 'approved'","timestamp":"2026-08-10T07:22:00.426Z"}
{"level":"error","message":"[InterestIncome] Error processing loan G06/081/001/02/20260804:","timestamp":"2026-08-10T07:22:00.427Z"}
{"level":"error","message":"[InterestIncome] Record data:","timestamp":"2026-08-10T07:22:00.427Z"}
{"error":"Unknown column 'payment_type' in 'where clause'","level":"error","message":"mainDb query failed:","sql":"SELECT \n            SUM(payment) AS total_paid,\n            COUNT(*) AS payment_count,\n            MIN(payment_date) AS first_payment_date,\n            MAX(payment_date) AS last_payment_date\n          FROM payments\n          WHERE loan_code = ?\n            AND payment_date < ?\n            AND payment_type IN ('cash', 'CDK', 'Online Payment', 'Bank Deposit')\n            AND status = 'approved'","timestamp":"2026-08-10T07:22:00.651Z"}
{"level":"error","message":"[InterestIncome] Error processing loan G06/083/001/01/20260806:","timestamp":"2026-08-10T07:22:00.652Z"}
{"level":"error","message":"[InterestIncome] Record data:","timestamp":"2026-08-10T07:22:00.652Z"}
{"error":"Unknown column 'payment_type' in 'where clause'","level":"error","message":"mainDb query failed:","sql":"SELECT \n            SUM(payment) AS total_paid,\n            COUNT(*) AS payment_count,\n            MIN(payment_date) AS first_payment_date,\n            MAX(payment_date) AS last_payment_date\n          FROM payments\n          WHERE loan_code = ?\n            AND payment_date < ?\n            AND payment_type IN ('cash', 'CDK', 'Online Payment', 'Bank Deposit')\n            AND status = 'approved'","timestamp":"2026-08-10T07:22:00.883Z"}
{"level":"error","message":"[InterestIncome] Error processing loan G06/084/001/01/20260804:","timestamp":"2026-08-10T07:22:00.884Z"}
{"level":"error","message":"[InterestIncome] Record data:","timestamp":"2026-08-10T07:22:00.884Z"}
{"error":"Unknown column 'payment_type' in 'where clause'","level":"error","message":"mainDb query failed:","sql":"SELECT \n            SUM(payment) AS total_paid,\n            COUNT(*) AS payment_count,\n            MIN(payment_date) AS first_payment_date,\n            MAX(payment_date) AS last_payment_date\n          FROM payments\n          WHERE loan_code = ?\n            AND payment_date < ?\n            AND payment_type IN ('cash', 'CDK', 'Online Payment', 'Bank Deposit')\n            AND status = 'approved'","timestamp":"2026-08-10T07:22:01.106Z"}
{"level":"error","message":"[InterestIncome] Error processing loan G06/085/002/05/20260805:","timestamp":"2026-08-10T07:22:01.107Z"}
{"level":"error","message":"[InterestIncome] Record data:","timestamp":"2026-08-10T07:22:01.107Z"}
{"error":"Unknown column 'payment_type' in 'where clause'","level":"error","message":"mainDb query failed:","sql":"SELECT \n            SUM(payment) AS total_paid,\n            COUNT(*) AS payment_count,\n            MIN(payment_date) AS first_payment_date,\n            MAX(payment_date) AS last_payment_date\n          FROM payments\n          WHERE loan_code = ?\n            AND payment_date < ?\n            AND payment_type IN ('cash', 'CDK', 'Online Payment', 'Bank Deposit')\n            AND status = 'approved'","timestamp":"2026-08-10T07:22:01.342Z"}
{"level":"error","message":"[InterestIncome] Error processing loan G06/087/001/02/20260806:","timestamp":"2026-08-10T07:22:01.343Z"}
{"level":"error","message":"[InterestIncome] Record data:","timestamp":"2026-08-10T07:22:01.343Z"}
{"error":"Unknown column 'payment_type' in 'where clause'","level":"error","message":"mainDb query failed:","sql":"SELECT \n            SUM(payment) AS total_paid,\n            COUNT(*) AS payment_count,\n            MIN(payment_date) AS first_payment_date,\n            MAX(payment_date) AS last_payment_date\n          FROM payments\n          WHERE loan_code = ?\n            AND payment_date < ?\n            AND payment_type IN ('cash', 'CDK', 'Online Payment', 'Bank Deposit')\n            AND status = 'approved'","timestamp":"2026-08-10T07:22:01.587Z"}
{"level":"error","message":"[InterestIncome] Error processing loan G06/088/002/06/20260803:","timestamp":"2026-08-10T07:22:01.588Z"}
{"level":"error","message":"[InterestIncome] Record data:","timestamp":"2026-08-10T07:22:01.589Z"}
{"error":"Unknown column 'payment_type' in 'where clause'","level":"error","message":"mainDb query failed:","sql":"SELECT \n            SUM(payment) AS total_paid,\n            COUNT(*) AS payment_count,\n            MIN(payment_date) AS first_payment_date,\n            MAX(payment_date) AS last_payment_date\n          FROM payments\n          WHERE loan_code = ?\n            AND payment_date < ?\n            AND payment_type IN ('cash', 'CDK', 'Online Payment', 'Bank Deposit')\n            AND status = 'approved'","timestamp":"2026-08-10T07:22:01.829Z"}
{"level":"error","message":"[InterestIncome] Error processing loan G06/092/002/04/20260804:","timestamp":"2026-08-10T07:22:01.830Z"}
{"level":"error","message":"[InterestIncome] Record data:","timestamp":"2026-08-10T07:22:01.830Z"}
{"error":"Unknown column 'payment_type' in 'where clause'","level":"error","message":"mainDb query failed:","sql":"SELECT \n            SUM(payment) AS total_paid,\n            COUNT(*) AS payment_count,\n            MIN(payment_date) AS first_payment_date,\n            MAX(payment_date) AS last_payment_date\n          FROM payments\n          WHERE loan_code = ?\n            AND payment_date < ?\n            AND payment_type IN ('cash', 'CDK', 'Online Payment', 'Bank Deposit')\n            AND status = 'approved'","timestamp":"2026-08-10T07:22:02.066Z"}
{"level":"error","message":"[InterestIncome] Error processing loan G06/306/001/01/20260806:","timestamp":"2026-08-10T07:22:02.067Z"}
{"level":"error","message":"[InterestIncome] Record data:","timestamp":"2026-08-10T07:22:02.067Z"}
{"error":"Unknown column 'payment_type' in 'where clause'","level":"error","message":"mainDb query failed:","sql":"SELECT \n            SUM(payment) AS total_paid,\n            COUNT(*) AS payment_count,\n            MIN(payment_date) AS first_payment_date,\n            MAX(payment_date) AS last_payment_date\n          FROM payments\n          WHERE loan_code = ?\n            AND payment_date < ?\n            AND payment_type IN ('cash', 'CDK', 'Online Payment', 'Bank Deposit')\n            AND status = 'approved'","timestamp":"2026-08-10T07:22:02.308Z"}
{"level":"error","message":"[InterestIncome] Error processing loan G06/306/001/04/20260803:","timestamp":"2026-08-10T07:22:02.308Z"}
{"level":"error","message":"[InterestIncome] Record data:","timestamp":"2026-08-10T07:22:02.308Z"}
{"error":"Unknown column 'payment_type' in 'where clause'","level":"error","message":"mainDb query failed:","sql":"SELECT \n            SUM(payment) AS total_paid,\n            COUNT(*) AS payment_count,\n            MIN(payment_date) AS first_payment_date,\n            MAX(payment_date) AS last_payment_date\n          FROM payments\n          WHERE loan_code = ?\n            AND payment_date < ?\n            AND payment_type IN ('cash', 'CDK', 'Online Payment', 'Bank Deposit')\n            AND status = 'approved'","timestamp":"2026-08-10T07:22:02.546Z"}
{"level":"error","message":"[InterestIncome] Error processing loan G06/306/001/05/20260805:","timestamp":"2026-08-10T07:22:02.547Z"}
{"level":"error","message":"[InterestIncome] Record data:","timestamp":"2026-08-10T07:22:02.547Z"}
{"error":"Unknown column 'payment_type' in 'where clause'","level":"error","message":"mainDb query failed:","sql":"SELECT \n            SUM(payment) AS total_paid,\n            COUNT(*) AS payment_count,\n            MIN(payment_date) AS first_payment_date,\n            MAX(payment_date) AS last_payment_date\n          FROM payments\n          WHERE loan_code = ?\n            AND payment_date < ?\n            AND payment_type IN ('cash', 'CDK', 'Online Payment', 'Bank Deposit')\n            AND status = 'approved'","timestamp":"2026-08-10T07:22:02.787Z"}
{"level":"error","message":"[InterestIncome] Error processing loan G06/800/004/16/20260803:","timestamp":"2026-08-10T07:22:02.788Z"}
{"level":"error","message":"[InterestIncome] Record data:","timestamp":"2026-08-10T07:22:02.788Z"}
{"error":"Unknown column 'payment_type' in 'where clause'","level":"error","message":"mainDb query failed:","sql":"SELECT \n            SUM(payment) AS total_paid,\n            COUNT(*) AS payment_count,\n            MIN(payment_date) AS first_payment_date,\n            MAX(payment_date) AS last_payment_date\n          FROM payments\n          WHERE loan_code = ?\n            AND payment_date < ?\n            AND payment_type IN ('cash', 'CDK', 'Online Payment', 'Bank Deposit')\n            AND status = 'approved'","timestamp":"2026-08-10T07:22:02.990Z"}
{"level":"error","message":"[InterestIncome] Error processing loan G06/800/004/17/20260804:","timestamp":"2026-08-10T07:22:02.990Z"}
{"level":"error","message":"[InterestIncome] Record data:","timestamp":"2026-08-10T07:22:02.990Z"}
{"error":"Unknown column 'payment_type' in 'where clause'","level":"error","message":"mainDb query failed:","sql":"SELECT \n            SUM(payment) AS total_paid,\n            COUNT(*) AS payment_count,\n            MIN(payment_date) AS first_payment_date,\n            MAX(payment_date) AS last_payment_date\n          FROM payments\n          WHERE loan_code = ?\n            AND payment_date < ?\n            AND payment_type IN ('cash', 'CDK', 'Online Payment', 'Bank Deposit')\n            AND status = 'approved'","timestamp":"2026-08-10T07:22:03.203Z"}
{"level":"error","message":"[InterestIncome] Error processing loan G06/800/004/18/20260805:","timestamp":"2026-08-10T07:22:03.203Z"}
{"level":"error","message":"[InterestIncome] Record data:","timestamp":"2026-08-10T07:22:03.203Z"}
{"error":"Unknown column 'payment_type' in 'where clause'","level":"error","message":"mainDb query failed:","sql":"SELECT \n            SUM(payment) AS total_paid,\n            COUNT(*) AS payment_count,\n            MIN(payment_date) AS first_payment_date,\n            MAX(payment_date) AS last_payment_date\n          FROM payments\n          WHERE loan_code = ?\n            AND payment_date < ?\n            AND payment_type IN ('cash', 'CDK', 'Online Payment', 'Bank Deposit')\n            AND status = 'approved'","timestamp":"2026-08-10T07:22:03.426Z"}
{"level":"error","message":"[InterestIncome] Error processing loan G06/800/004/19/20260805:","timestamp":"2026-08-10T07:22:03.427Z"}
{"level":"error","message":"[InterestIncome] Record data:","timestamp":"2026-08-10T07:22:03.427Z"}
{"error":"Unknown column 'payment_type' in 'where clause'","level":"error","message":"mainDb query failed:","sql":"SELECT \n            SUM(payment) AS total_paid,\n            COUNT(*) AS payment_count,\n            MIN(payment_date) AS first_payment_date,\n            MAX(payment_date) AS last_payment_date\n          FROM payments\n          WHERE loan_code = ?\n            AND payment_date < ?\n            AND payment_type IN ('cash', 'CDK', 'Online Payment', 'Bank Deposit')\n            AND status = 'approved'","timestamp":"2026-08-10T07:22:03.666Z"}
{"level":"error","message":"[InterestIncome] Error processing loan G06/800/004/20/20260806:","timestamp":"2026-08-10T07:22:03.667Z"}
{"level":"error","message":"[InterestIncome] Record data:","timestamp":"2026-08-10T07:22:03.667Z"}
{"error":"Unknown column 'payment_type' in 'where clause'","level":"error","message":"mainDb query failed:","sql":"SELECT \n            SUM(payment) AS total_paid,\n            COUNT(*) AS payment_count,\n            MIN(payment_date) AS first_payment_date,\n            MAX(payment_date) AS last_payment_date\n          FROM payments\n          WHERE loan_code = ?\n            AND payment_date < ?\n            AND payment_type IN ('cash', 'CDK', 'Online Payment', 'Bank Deposit')\n            AND status = 'approved'","timestamp":"2026-08-10T07:22:03.908Z"}
{"level":"error","message":"[InterestIncome] Error processing loan G06/800/005/21/20260806:","timestamp":"2026-08-10T07:22:03.909Z"}
{"level":"error","message":"[InterestIncome] Record data:","timestamp":"2026-08-10T07:22:03.909Z"}
{"error":"Unknown column 'payment_type' in 'where clause'","level":"error","message":"mainDb query failed:","sql":"SELECT \n            SUM(payment) AS total_paid,\n            COUNT(*) AS payment_count,\n            MIN(payment_date) AS first_payment_date,\n            MAX(payment_date) AS last_payment_date\n          FROM payments\n          WHERE loan_code = ?\n            AND payment_date < ?\n            AND payment_type IN ('cash', 'CDK', 'Online Payment', 'Bank Deposit')\n            AND status = 'approved'","timestamp":"2026-08-10T07:22:04.161Z"}
{"level":"error","message":"[InterestIncome] Error processing loan G06/801/002/09/20260805:","timestamp":"2026-08-10T07:22:04.162Z"}
{"level":"error","message":"[InterestIncome] Record data:","timestamp":"2026-08-10T07:22:04.162Z"}
{"error":"Unknown column 'payment_type' in 'where clause'","level":"error","message":"mainDb query failed:","sql":"SELECT \n            SUM(payment) AS total_paid,\n            COUNT(*) AS payment_count,\n            MIN(payment_date) AS first_payment_date,\n            MAX(payment_date) AS last_payment_date\n          FROM payments\n          WHERE loan_code = ?\n            AND payment_date < ?\n            AND payment_type IN ('cash', 'CDK', 'Online Payment', 'Bank Deposit')\n            AND status = 'approved'","timestamp":"2026-08-10T07:22:04.389Z"}
{"level":"error","message":"[InterestIncome] Error processing loan G07/002/001/01/20260803:","timestamp":"2026-08-10T07:22:04.390Z"}
{"level":"error","message":"[InterestIncome] Record data:","timestamp":"2026-08-10T07:22:04.390Z"}
{"error":"Unknown column 'payment_type' in 'where clause'","level":"error","message":"mainDb query failed:","sql":"SELECT \n            SUM(payment) AS total_paid,\n            COUNT(*) AS payment_count,\n            MIN(payment_date) AS first_payment_date,\n            MAX(payment_date) AS last_payment_date\n          FROM payments\n          WHERE loan_code = ?\n            AND payment_date < ?\n            AND payment_type IN ('cash', 'CDK', 'Online Payment', 'Bank Deposit')\n            AND status = 'approved'","timestamp":"2026-08-10T07:22:04.623Z"}
{"level":"error","message":"[InterestIncome] Error processing loan G07/003/001/04/20260803:","timestamp":"2026-08-10T07:22:04.623Z"}
{"level":"error","message":"[InterestIncome] Record data:","timestamp":"2026-08-10T07:22:04.623Z"}
{"error":"Unknown column 'payment_type' in 'where clause'","level":"error","message":"mainDb query failed:","sql":"SELECT \n            SUM(payment) AS total_paid,\n            COUNT(*) AS payment_count,\n            MIN(payment_date) AS first_payment_date,\n            MAX(payment_date) AS last_payment_date\n          FROM payments\n          WHERE loan_code = ?\n            AND payment_date < ?\n            AND payment_type IN ('cash', 'CDK', 'Online Payment', 'Bank Deposit')\n            AND status = 'approved'","timestamp":"2026-08-10T07:22:04.867Z"}
{"level":"error","message":"[InterestIncome] Error processing loan G07/015/004/21/20260806:","timestamp":"2026-08-10T07:22:04.868Z"}
{"level":"error","message":"[InterestIncome] Record data:","timestamp":"2026-08-10T07:22:04.868Z"}
{"error":"Unknown column 'payment_type' in 'where clause'","level":"error","message":"mainDb query failed:","sql":"SELECT \n            SUM(payment) AS total_paid,\n            COUNT(*) AS payment_count,\n            MIN(payment_date) AS first_payment_date,\n            MAX(payment_date) AS last_payment_date\n          FROM payments\n          WHERE loan_code = ?\n            AND payment_date < ?\n            AND payment_type IN ('cash', 'CDK', 'Online Payment', 'Bank Deposit')\n            AND status = 'approved'","timestamp":"2026-08-10T07:22:05.107Z"}
{"level":"error","message":"[InterestIncome] Error processing loan G07/015/011/43/20260806:","timestamp":"2026-08-10T07:22:05.107Z"}
{"level":"error","message":"[InterestIncome] Record data:","timestamp":"2026-08-10T07:22:05.107Z"}
{"error":"Unknown column 'payment_type' in 'where clause'","level":"error","message":"mainDb query failed:","sql":"SELECT \n            SUM(payment) AS total_paid,\n            COUNT(*) AS payment_count,\n            MIN(payment_date) AS first_payment_date,\n            MAX(payment_date) AS last_payment_date\n          FROM payments\n          WHERE loan_code = ?\n            AND payment_date < ?\n            AND payment_type IN ('cash', 'CDK', 'Online Payment', 'Bank Deposit')\n            AND status = 'approved'","timestamp":"2026-08-10T07:22:05.310Z"}
{"level":"error","message":"[InterestIncome] Error processing loan G07/015/012/46/20260806:","timestamp":"2026-08-10T07:22:05.311Z"}
{"level":"error","message":"[InterestIncome] Record data:","timestamp":"2026-08-10T07:22:05.311Z"}
{"error":"Unknown column 'payment_type' in 'where clause'","level":"error","message":"mainDb query failed:","sql":"SELECT \n            SUM(payment) AS total_paid,\n            COUNT(*) AS payment_count,\n            MIN(payment_date) AS first_payment_date,\n            MAX(payment_date) AS last_payment_date\n          FROM payments\n          WHERE loan_code = ?\n            AND payment_date < ?\n            AND payment_type IN ('cash', 'CDK', 'Online Payment', 'Bank Deposit')\n            AND status = 'approved'","timestamp":"2026-08-10T07:22:05.563Z"}
{"level":"error","message":"[InterestIncome] Error processing loan G07/017/001/01/20260805:","timestamp":"2026-08-10T07:22:05.564Z"}
{"level":"error","message":"[InterestIncome] Record data:","timestamp":"2026-08-10T07:22:05.564Z"}
{"error":"Unknown column 'payment_type' in 'where clause'","level":"error","message":"mainDb query failed:","sql":"SELECT \n            SUM(payment) AS total_paid,\n            COUNT(*) AS payment_count,\n            MIN(payment_date) AS first_payment_date,\n            MAX(payment_date) AS last_payment_date\n          FROM payments\n          WHERE loan_code = ?\n            AND payment_date < ?\n            AND payment_type IN ('cash', 'CDK', 'Online Payment', 'Bank Deposit')\n            AND status = 'approved'","timestamp":"2026-08-10T07:22:05.789Z"}
{"level":"error","message":"[InterestIncome] Error processing loan G07/018/002/06/20260806:","timestamp":"2026-08-10T07:22:05.789Z"}
{"level":"error","message":"[InterestIncome] Record data:","timestamp":"2026-08-10T07:22:05.789Z"}
{"error":"Unknown column 'payment_type' in 'where clause'","level":"error","message":"mainDb query failed:","sql":"SELECT \n            SUM(payment) AS total_paid,\n            COUNT(*) AS payment_count,\n            MIN(payment_date) AS first_payment_date,\n            MAX(payment_date) AS last_payment_date\n          FROM payments\n          WHERE loan_code = ?\n            AND payment_date < ?\n            AND payment_type IN ('cash', 'CDK', 'Online Payment', 'Bank Deposit')\n            AND status = 'approved'","timestamp":"2026-08-10T07:22:06.027Z"}
{"level":"error","message":"[InterestIncome] Error processing loan G07/022/003/10/20260804:","timestamp":"2026-08-10T07:22:06.027Z"}
{"level":"error","message":"[InterestIncome] Record data:","timestamp":"2026-08-10T07:22:06.027Z"}
{"error":"Unknown column 'payment_type' in 'where clause'","level":"error","message":"mainDb query failed:","sql":"SELECT \n            SUM(payment) AS total_paid,\n            COUNT(*) AS payment_count,\n            MIN(payment_date) AS first_payment_date,\n            MAX(payment_date) AS last_payment_date\n          FROM payments\n          WHERE loan_code = ?\n            AND payment_date < ?\n            AND payment_type IN ('cash', 'CDK', 'Online Payment', 'Bank Deposit')\n            AND status = 'approved'","timestamp":"2026-08-10T07:22:06.269Z"}
{"level":"error","message":"[InterestIncome] Error processing loan G07/023/004/12/20260806:","timestamp":"2026-08-10T07:22:06.270Z"}
{"level":"error","message":"[InterestIncome] Record data:","timestamp":"2026-08-10T07:22:06.270Z"}
{"error":"Unknown column 'payment_type' in 'where clause'","level":"error","message":"mainDb query failed:","sql":"SELECT \n            SUM(payment) AS total_paid,\n            COUNT(*) AS payment_count,\n            MIN(payment_date) AS first_payment_date,\n            MAX(payment_date) AS last_payment_date\n          FROM payments\n          WHERE loan_code = ?\n            AND payment_date < ?\n            AND payment_type IN ('cash', 'CDK', 'Online Payment', 'Bank Deposit')\n            AND status = 'approved'","timestamp":"2026-08-10T07:22:06.510Z"}
{"level":"error","message":"[InterestIncome] Error processing loan G07/024/001/05/20260805:","timestamp":"2026-08-10T07:22:06.510Z"}
{"level":"error","message":"[InterestIncome] Record data:","timestamp":"2026-08-10T07:22:06.510Z"}
{"error":"Unknown column 'payment_type' in 'where clause'","level":"error","message":"mainDb query failed:","sql":"SELECT \n            SUM(payment) AS total_paid,\n            COUNT(*) AS payment_count,\n            MIN(payment_date) AS first_payment_date,\n            MAX(payment_date) AS last_payment_date\n          FROM payments\n          WHERE loan_code = ?\n            AND payment_date < ?\n            AND payment_type IN ('cash', 'CDK', 'Online Payment', 'Bank Deposit')\n            AND status = 'approved'","timestamp":"2026-08-10T07:22:06.747Z"}
{"level":"error","message":"[InterestIncome] Error processing loan G07/025/003/09/20260806:","timestamp":"2026-08-10T07:22:06.747Z"}
{"level":"error","message":"[InterestIncome] Record data:","timestamp":"2026-08-10T07:22:06.747Z"}
{"error":"Unknown column 'payment_type' in 'where clause'","level":"error","message":"mainDb query failed:","sql":"SELECT \n            SUM(payment) AS total_paid,\n            COUNT(*) AS payment_count,\n            MIN(payment_date) AS first_payment_date,\n            MAX(payment_date) AS last_payment_date\n          FROM payments\n          WHERE loan_code = ?\n            AND payment_date < ?\n            AND payment_type IN ('cash', 'CDK', 'Online Payment', 'Bank Deposit')\n            AND status = 'approved'","timestamp":"2026-08-10T07:22:07.003Z"}
{"level":"error","message":"[InterestIncome] Error processing loan G07/030/002/05/20260805:","timestamp":"2026-08-10T07:22:07.003Z"}
{"level":"error","message":"[InterestIncome] Record data:","timestamp":"2026-08-10T07:22:07.003Z"}
{"error":"Unknown column 'payment_type' in 'where clause'","level":"error","message":"mainDb query failed:","sql":"SELECT \n            SUM(payment) AS total_paid,\n            COUNT(*) AS payment_count,\n            MIN(payment_date) AS first_payment_date,\n            MAX(payment_date) AS last_payment_date\n          FROM payments\n          WHERE loan_code = ?\n            AND payment_date < ?\n            AND payment_type IN ('cash', 'CDK', 'Online Payment', 'Bank Deposit')\n            AND status = 'approved'","timestamp":"2026-08-10T07:22:07.246Z"}
{"level":"error","message":"[InterestIncome] Error processing loan G07/035/002/04/20260804:","timestamp":"2026-08-10T07:22:07.247Z"}
{"level":"error","message":"[InterestIncome] Record data:","timestamp":"2026-08-10T07:22:07.247Z"}
{"error":"Unknown column 'payment_type' in 'where clause'","level":"error","message":"mainDb query failed:","sql":"SELECT \n            SUM(payment) AS total_paid,\n            COUNT(*) AS payment_count,\n            MIN(payment_date) AS first_payment_date,\n            MAX(payment_date) AS last_payment_date\n          FROM payments\n          WHERE loan_code = ?\n            AND payment_date < ?\n            AND payment_type IN ('cash', 'CDK', 'Online Payment', 'Bank Deposit')\n            AND status = 'approved'","timestamp":"2026-08-10T07:22:07.472Z"}
{"level":"error","message":"[InterestIncome] Error processing loan G07/036/001/02/20260806:","timestamp":"2026-08-10T07:22:07.473Z"}
{"level":"error","message":"[InterestIncome] Record data:","timestamp":"2026-08-10T07:22:07.473Z"}
{"error":"Unknown column 'payment_type' in 'where clause'","level":"error","message":"mainDb query failed:","sql":"SELECT \n            SUM(payment) AS total_paid,\n            COUNT(*) AS payment_count,\n            MIN(payment_date) AS first_payment_date,\n            MAX(payment_date) AS last_payment_date\n          FROM payments\n          WHERE loan_code = ?\n            AND payment_date < ?\n            AND payment_type IN ('cash', 'CDK', 'Online Payment', 'Bank Deposit')\n            AND status = 'approved'","timestamp":"2026-08-10T07:22:07.727Z"}
{"level":"error","message":"[InterestIncome] Error processing loan G07/053/005/17/20260805:","timestamp":"2026-08-10T07:22:07.728Z"}
{"level":"error","message":"[InterestIncome] Record data:","timestamp":"2026-08-10T07:22:07.728Z"}
{"error":"Unknown column 'payment_type' in 'where clause'","level":"error","message":"mainDb query failed:","sql":"SELECT \n            SUM(payment) AS total_paid,\n            COUNT(*) AS payment_count,\n            MIN(payment_date) AS first_payment_date,\n            MAX(payment_date) AS last_payment_date\n          FROM payments\n          WHERE loan_code = ?\n            AND payment_date < ?\n            AND payment_type IN ('cash', 'CDK', 'Online Payment', 'Bank Deposit')\n            AND status = 'approved'","timestamp":"2026-08-10T07:22:07.952Z"}
{"level":"error","message":"[InterestIncome] Error processing loan G07/062/002/05/20260805:","timestamp":"2026-08-10T07:22:07.953Z"}
{"level":"error","message":"[InterestIncome] Record data:","timestamp":"2026-08-10T07:22:07.953Z"}
{"error":"Unknown column 'payment_type' in 'where clause'","level":"error","message":"mainDb query failed:","sql":"SELECT \n            SUM(payment) AS total_paid,\n            COUNT(*) AS payment_count,\n            MIN(payment_date) AS first_payment_date,\n            MAX(payment_date) AS last_payment_date\n          FROM payments\n          WHERE loan_code = ?\n            AND payment_date < ?\n            AND payment_type IN ('cash', 'CDK', 'Online Payment', 'Bank Deposit')\n            AND status = 'approved'","timestamp":"2026-08-10T07:22:08.195Z"}
{"level":"error","message":"[InterestIncome] Error processing loan G07/084/001/01/20260805:","timestamp":"2026-08-10T07:22:08.195Z"}
{"level":"error","message":"[InterestIncome] Record data:","timestamp":"2026-08-10T07:22:08.195Z"}
{"error":"Unknown column 'payment_type' in 'where clause'","level":"error","message":"mainDb query failed:","sql":"SELECT \n            SUM(payment) AS total_paid,\n            COUNT(*) AS payment_count,\n            MIN(payment_date) AS first_payment_date,\n            MAX(payment_date) AS last_payment_date\n          FROM payments\n          WHERE loan_code = ?\n            AND payment_date < ?\n            AND payment_type IN ('cash', 'CDK', 'Online Payment', 'Bank Deposit')\n            AND status = 'approved'","timestamp":"2026-08-10T07:22:08.432Z"}
{"level":"error","message":"[InterestIncome] Error processing loan G07/087/001/01/20260806:","timestamp":"2026-08-10T07:22:08.433Z"}
{"level":"error","message":"[InterestIncome] Record data:","timestamp":"2026-08-10T07:22:08.433Z"}
{"error":"Unknown column 'payment_type' in 'where clause'","level":"error","message":"mainDb query failed:","sql":"SELECT \n            SUM(payment) AS total_paid,\n            COUNT(*) AS payment_count,\n            MIN(payment_date) AS first_payment_date,\n            MAX(payment_date) AS last_payment_date\n          FROM payments\n          WHERE loan_code = ?\n            AND payment_date < ?\n            AND payment_type IN ('cash', 'CDK', 'Online Payment', 'Bank Deposit')\n            AND status = 'approved'","timestamp":"2026-08-10T07:22:08.673Z"}
{"level":"error","message":"[InterestIncome] Error processing loan G07/088/001/02/20260806:","timestamp":"2026-08-10T07:22:08.674Z"}
{"level":"error","message":"[InterestIncome] Record data:","timestamp":"2026-08-10T07:22:08.674Z"}
{"error":"Unknown column 'payment_type' in 'where clause'","level":"error","message":"mainDb query failed:","sql":"SELECT \n            SUM(payment) AS total_paid,\n            COUNT(*) AS payment_count,\n            MIN(payment_date) AS first_payment_date,\n            MAX(payment_date) AS last_payment_date\n          FROM payments\n          WHERE loan_code = ?\n            AND payment_date < ?\n            AND payment_type IN ('cash', 'CDK', 'Online Payment', 'Bank Deposit')\n            AND status = 'approved'","timestamp":"2026-08-10T07:22:08.912Z"}
{"level":"error","message":"[InterestIncome] Error processing loan G07/095/003/13/20260806:","timestamp":"2026-08-10T07:22:08.913Z"}
{"level":"error","message":"[InterestIncome] Record data:","timestamp":"2026-08-10T07:22:08.913Z"}
{"error":"Unknown column 'payment_type' in 'where clause'","level":"error","message":"mainDb query failed:","sql":"SELECT \n            SUM(payment) AS total_paid,\n            COUNT(*) AS payment_count,\n            MIN(payment_date) AS first_payment_date,\n            MAX(payment_date) AS last_payment_date\n          FROM payments\n          WHERE loan_code = ?\n            AND payment_date < ?\n            AND payment_type IN ('cash', 'CDK', 'Online Payment', 'Bank Deposit')\n            AND status = 'approved'","timestamp":"2026-08-10T07:22:09.153Z"}
{"level":"error","message":"[InterestIncome] Error processing loan G08/004/004/17/20260803:","timestamp":"2026-08-10T07:22:09.154Z"}
{"level":"error","message":"[InterestIncome] Record data:","timestamp":"2026-08-10T07:22:09.155Z"}
{"error":"Unknown column 'payment_type' in 'where clause'","level":"error","message":"mainDb query failed:","sql":"SELECT \n            SUM(payment) AS total_paid,\n            COUNT(*) AS payment_count,\n            MIN(payment_date) AS first_payment_date,\n            MAX(payment_date) AS last_payment_date\n          FROM payments\n          WHERE loan_code = ?\n            AND payment_date < ?\n            AND payment_type IN ('cash', 'CDK', 'Online Payment', 'Bank Deposit')\n            AND status = 'approved'","timestamp":"2026-08-10T07:22:09.393Z"}
{"level":"error","message":"[InterestIncome] Error processing loan G08/007/003/10/20260804:","timestamp":"2026-08-10T07:22:09.393Z"}
{"level":"error","message":"[InterestIncome] Record data:","timestamp":"2026-08-10T07:22:09.393Z"}
{"error":"Unknown column 'payment_type' in 'where clause'","level":"error","message":"mainDb query failed:","sql":"SELECT \n            SUM(payment) AS total_paid,\n            COUNT(*) AS payment_count,\n            MIN(payment_date) AS first_payment_date,\n            MAX(payment_date) AS last_payment_date\n          FROM payments\n          WHERE loan_code = ?\n            AND payment_date < ?\n            AND payment_type IN ('cash', 'CDK', 'Online Payment', 'Bank Deposit')\n            AND status = 'approved'","timestamp":"2026-08-10T07:22:09.632Z"}
{"level":"error","message":"[InterestIncome] Error processing loan G08/007/004/12/20260804:","timestamp":"2026-08-10T07:22:09.633Z"}
{"level":"error","message":"[InterestIncome] Record data:","timestamp":"2026-08-10T07:22:09.633Z"}
{"error":"Unknown column 'payment_type' in 'where clause'","level":"error","message":"mainDb query failed:","sql":"SELECT \n            SUM(payment) AS total_paid,\n            COUNT(*) AS payment_count,\n            MIN(payment_date) AS first_payment_date,\n            MAX(payment_date) AS last_payment_date\n          FROM payments\n          WHERE loan_code = ?\n            AND payment_date < ?\n            AND payment_type IN ('cash', 'CDK', 'Online Payment', 'Bank Deposit')\n            AND status = 'approved'","timestamp":"2026-08-10T07:22:09.872Z"}
{"level":"error","message":"[InterestIncome] Error processing loan G08/007/005/19/20260804:","timestamp":"2026-08-10T07:22:09.873Z"}
{"level":"error","message":"[InterestIncome] Record data:","timestamp":"2026-08-10T07:22:09.873Z"}
{"error":"Unknown column 'payment_type' in 'where clause'","level":"error","message":"mainDb query failed:","sql":"SELECT \n            SUM(payment) AS total_paid,\n            COUNT(*) AS payment_count,\n            MIN(payment_date) AS first_payment_date,\n            MAX(payment_date) AS last_payment_date\n          FROM payments\n          WHERE loan_code = ?\n            AND payment_date < ?\n            AND payment_type IN ('cash', 'CDK', 'Online Payment', 'Bank Deposit')\n            AND status = 'approved'","timestamp":"2026-08-10T07:22:10.133Z"}
{"level":"error","message":"[InterestIncome] Error processing loan G08/030/001/02/20260804:","timestamp":"2026-08-10T07:22:10.134Z"}
{"level":"error","message":"[InterestIncome] Record data:","timestamp":"2026-08-10T07:22:10.134Z"}
{"error":"Unknown column 'payment_type' in 'where clause'","level":"error","message":"mainDb query failed:","sql":"SELECT \n            SUM(payment) AS total_paid,\n            COUNT(*) AS payment_count,\n            MIN(payment_date) AS first_payment_date,\n            MAX(payment_date) AS last_payment_date\n          FROM payments\n          WHERE loan_code = ?\n            AND payment_date < ?\n            AND payment_type IN ('cash', 'CDK', 'Online Payment', 'Bank Deposit')\n            AND status = 'approved'","timestamp":"2026-08-10T07:22:10.357Z"}
{"level":"error","message":"[InterestIncome] Error processing loan G08/030/002/07/20260804:","timestamp":"2026-08-10T07:22:10.358Z"}
{"level":"error","message":"[InterestIncome] Record data:","timestamp":"2026-08-10T07:22:10.359Z"}
{"error":"Unknown column 'payment_type' in 'where clause'","level":"error","message":"mainDb query failed:","sql":"SELECT \n            SUM(payment) AS total_paid,\n            COUNT(*) AS payment_count,\n            MIN(payment_date) AS first_payment_date,\n            MAX(payment_date) AS last_payment_date\n          FROM payments\n          WHERE loan_code = ?\n            AND payment_date < ?\n            AND payment_type IN ('cash', 'CDK', 'Online Payment', 'Bank Deposit')\n            AND status = 'approved'","timestamp":"2026-08-10T07:22:10.592Z"}
{"level":"error","message":"[InterestIncome] Error processing loan G08/030/004/16/20260804:","timestamp":"2026-08-10T07:22:10.593Z"}
{"level":"error","message":"[InterestIncome] Record data:","timestamp":"2026-08-10T07:22:10.593Z"}
{"error":"Unknown column 'payment_type' in 'where clause'","level":"error","message":"mainDb query failed:","sql":"SELECT \n            SUM(payment) AS total_paid,\n            COUNT(*) AS payment_count,\n            MIN(payment_date) AS first_payment_date,\n            MAX(payment_date) AS last_payment_date\n          FROM payments\n          WHERE loan_code = ?\n            AND payment_date < ?\n            AND payment_type IN ('cash', 'CDK', 'Online Payment', 'Bank Deposit')\n            AND status = 'approved'","timestamp":"2026-08-10T07:22:10.837Z"}
{"level":"error","message":"[InterestIncome] Error processing loan G08/033/001/01/20260803:","timestamp":"2026-08-10T07:22:10.838Z"}
{"level":"error","message":"[InterestIncome] Record data:","timestamp":"2026-08-10T07:22:10.839Z"}
{"error":"Unknown column 'payment_type' in 'where clause'","level":"error","message":"mainDb query failed:","sql":"SELECT \n            SUM(payment) AS total_paid,\n            COUNT(*) AS payment_count,\n            MIN(payment_date) AS first_payment_date,\n            MAX(payment_date) AS last_payment_date\n          FROM payments\n          WHERE loan_code = ?\n            AND payment_date < ?\n            AND payment_type IN ('cash', 'CDK', 'Online Payment', 'Bank Deposit')\n            AND status = 'approved'","timestamp":"2026-08-10T07:22:11.077Z"}
{"level":"error","message":"[InterestIncome] Error processing loan G08/052/002/06/20260803:","timestamp":"2026-08-10T07:22:11.078Z"}
{"level":"error","message":"[InterestIncome] Record data:","timestamp":"2026-08-10T07:22:11.078Z"}
{"error":"Unknown column 'payment_type' in 'where clause'","level":"error","message":"mainDb query failed:","sql":"SELECT \n            SUM(payment) AS total_paid,\n            COUNT(*) AS payment_count,\n            MIN(payment_date) AS first_payment_date,\n            MAX(payment_date) AS last_payment_date\n          FROM payments\n          WHERE loan_code = ?\n            AND payment_date < ?\n            AND payment_type IN ('cash', 'CDK', 'Online Payment', 'Bank Deposit')\n            AND status = 'approved'","timestamp":"2026-08-10T07:22:11.314Z"}
{"level":"error","message":"[InterestIncome] Error processing loan G08/052/003/11/20260803:","timestamp":"2026-08-10T07:22:11.315Z"}
{"level":"error","message":"[InterestIncome] Record data:","timestamp":"2026-08-10T07:22:11.315Z"}
{"error":"Unknown column 'payment_type' in 'where clause'","level":"error","message":"mainDb query failed:","sql":"SELECT \n            SUM(payment) AS total_paid,\n            COUNT(*) AS payment_count,\n            MIN(payment_date) AS first_payment_date,\n            MAX(payment_date) AS last_payment_date\n          FROM payments\n          WHERE loan_code = ?\n            AND payment_date < ?\n            AND payment_type IN ('cash', 'CDK', 'Online Payment', 'Bank Deposit')\n            AND status = 'approved'","timestamp":"2026-08-10T07:22:11.553Z"}
{"level":"error","message":"[InterestIncome] Error processing loan G09/023/002/06/20260804:","timestamp":"2026-08-10T07:22:11.554Z"}
{"level":"error","message":"[InterestIncome] Record data:","timestamp":"2026-08-10T07:22:11.555Z"}
{"error":"Unknown column 'payment_type' in 'where clause'","level":"error","message":"mainDb query failed:","sql":"SELECT \n            SUM(payment) AS total_paid,\n            COUNT(*) AS payment_count,\n            MIN(payment_date) AS first_payment_date,\n            MAX(payment_date) AS last_payment_date\n          FROM payments\n          WHERE loan_code = ?\n            AND payment_date < ?\n            AND payment_type IN ('cash', 'CDK', 'Online Payment', 'Bank Deposit')\n            AND status = 'approved'","timestamp":"2026-08-10T07:22:11.808Z"}
{"level":"error","message":"[InterestIncome] Error processing loan G09/029/001/04/20260803:","timestamp":"2026-08-10T07:22:11.809Z"}
{"level":"error","message":"[InterestIncome] Record data:","timestamp":"2026-08-10T07:22:11.809Z"}
{"error":"Unknown column 'payment_type' in 'where clause'","level":"error","message":"mainDb query failed:","sql":"SELECT \n            SUM(payment) AS total_paid,\n            COUNT(*) AS payment_count,\n            MIN(payment_date) AS first_payment_date,\n            MAX(payment_date) AS last_payment_date\n          FROM payments\n          WHERE loan_code = ?\n            AND payment_date < ?\n            AND payment_type IN ('cash', 'CDK', 'Online Payment', 'Bank Deposit')\n            AND status = 'approved'","timestamp":"2026-08-10T07:22:12.033Z"}
{"level":"error","message":"[InterestIncome] Error processing loan G09/029/002/09/20260803:","timestamp":"2026-08-10T07:22:12.034Z"}
{"level":"error","message":"[InterestIncome] Record data:","timestamp":"2026-08-10T07:22:12.034Z"}
{"error":"Unknown column 'payment_type' in 'where clause'","level":"error","message":"mainDb query failed:","sql":"SELECT \n            SUM(payment) AS total_paid,\n            COUNT(*) AS payment_count,\n            MIN(payment_date) AS first_payment_date,\n            MAX(payment_date) AS last_payment_date\n          FROM payments\n          WHERE loan_code = ?\n            AND payment_date < ?\n            AND payment_type IN ('cash', 'CDK', 'Online Payment', 'Bank Deposit')\n            AND status = 'approved'","timestamp":"2026-08-10T07:22:12.287Z"}
{"level":"error","message":"[InterestIncome] Error processing loan G09/029/002/10/20260803:","timestamp":"2026-08-10T07:22:12.288Z"}
{"level":"error","message":"[InterestIncome] Record data:","timestamp":"2026-08-10T07:22:12.289Z"}
{"error":"Unknown column 'payment_type' in 'where clause'","level":"error","message":"mainDb query failed:","sql":"SELECT \n            SUM(payment) AS total_paid,\n            COUNT(*) AS payment_count,\n            MIN(payment_date) AS first_payment_date,\n            MAX(payment_date) AS last_payment_date\n          FROM payments\n          WHERE loan_code = ?\n            AND payment_date < ?\n            AND payment_type IN ('cash', 'CDK', 'Online Payment', 'Bank Deposit')\n            AND status = 'approved'","timestamp":"2026-08-10T07:22:12.516Z"}
{"level":"error","message":"[InterestIncome] Error processing loan G09/030/002/09/20260806:","timestamp":"2026-08-10T07:22:12.517Z"}
{"level":"error","message":"[InterestIncome] Record data:","timestamp":"2026-08-10T07:22:12.517Z"}
{"error":"Unknown column 'payment_type' in 'where clause'","level":"error","message":"mainDb query failed:","sql":"SELECT \n            SUM(payment) AS total_paid,\n            COUNT(*) AS payment_count,\n            MIN(payment_date) AS first_payment_date,\n            MAX(payment_date) AS last_payment_date\n          FROM payments\n          WHERE loan_code = ?\n            AND payment_date < ?\n            AND payment_type IN ('cash', 'CDK', 'Online Payment', 'Bank Deposit')\n            AND status = 'approved'","timestamp":"2026-08-10T07:22:12.767Z"}
{"level":"error","message":"[InterestIncome] Error processing loan G09/030/002/10/20260806:","timestamp":"2026-08-10T07:22:12.768Z"}
{"level":"error","message":"[InterestIncome] Record data:","timestamp":"2026-08-10T07:22:12.768Z"}
{"error":"Unknown column 'payment_type' in 'where clause'","level":"error","message":"mainDb query failed:","sql":"SELECT \n            SUM(payment) AS total_paid,\n            COUNT(*) AS payment_count,\n            MIN(payment_date) AS first_payment_date,\n            MAX(payment_date) AS last_payment_date\n          FROM payments\n          WHERE loan_code = ?\n            AND payment_date < ?\n            AND payment_type IN ('cash', 'CDK', 'Online Payment', 'Bank Deposit')\n            AND status = 'approved'","timestamp":"2026-08-10T07:22:12.996Z"}
{"level":"error","message":"[InterestIncome] Error processing loan G09/033/001/05/20260803:","timestamp":"2026-08-10T07:22:12.996Z"}
{"level":"error","message":"[InterestIncome] Record data:","timestamp":"2026-08-10T07:22:12.997Z"}
{"error":"Unknown column 'payment_type' in 'where clause'","level":"error","message":"mainDb query failed:","sql":"SELECT \n            SUM(payment) AS total_paid,\n            COUNT(*) AS payment_count,\n            MIN(payment_date) AS first_payment_date,\n            MAX(payment_date) AS last_payment_date\n          FROM payments\n          WHERE loan_code = ?\n            AND payment_date < ?\n            AND payment_type IN ('cash', 'CDK', 'Online Payment', 'Bank Deposit')\n            AND status = 'approved'","timestamp":"2026-08-10T07:22:13.228Z"}
{"level":"error","message":"[InterestIncome] Error processing loan G09/034/001/04/20260803:","timestamp":"2026-08-10T07:22:13.229Z"}
{"level":"error","message":"[InterestIncome] Record data:","timestamp":"2026-08-10T07:22:13.229Z"}
{"error":"Unknown column 'payment_type' in 'where clause'","level":"error","message":"mainDb query failed:","sql":"SELECT \n            SUM(payment) AS total_paid,\n            COUNT(*) AS payment_count,\n            MIN(payment_date) AS first_payment_date,\n            MAX(payment_date) AS last_payment_date\n          FROM payments\n          WHERE loan_code = ?\n            AND payment_date < ?\n            AND payment_type IN ('cash', 'CDK', 'Online Payment', 'Bank Deposit')\n            AND status = 'approved'","timestamp":"2026-08-10T07:22:13.434Z"}
{"level":"error","message":"[InterestIncome] Error processing loan G09/04/002/09/20260804:","timestamp":"2026-08-10T07:22:13.434Z"}
{"level":"error","message":"[InterestIncome] Record data:","timestamp":"2026-08-10T07:22:13.435Z"}
{"error":"Unknown column 'payment_type' in 'where clause'","level":"error","message":"mainDb query failed:","sql":"SELECT \n            SUM(payment) AS total_paid,\n            COUNT(*) AS payment_count,\n            MIN(payment_date) AS first_payment_date,\n            MAX(payment_date) AS last_payment_date\n          FROM payments\n          WHERE loan_code = ?\n            AND payment_date < ?\n            AND payment_type IN ('cash', 'CDK', 'Online Payment', 'Bank Deposit')\n            AND status = 'approved'","timestamp":"2026-08-10T07:22:13.655Z"}
{"level":"error","message":"[InterestIncome] Error processing loan G09/04/003/13/20260804:","timestamp":"2026-08-10T07:22:13.656Z"}
{"level":"error","message":"[InterestIncome] Record data:","timestamp":"2026-08-10T07:22:13.656Z"}
{"error":"Unknown column 'payment_type' in 'where clause'","level":"error","message":"mainDb query failed:","sql":"SELECT \n            SUM(payment) AS total_paid,\n            COUNT(*) AS payment_count,\n            MIN(payment_date) AS first_payment_date,\n            MAX(payment_date) AS last_payment_date\n          FROM payments\n          WHERE loan_code = ?\n            AND payment_date < ?\n            AND payment_type IN ('cash', 'CDK', 'Online Payment', 'Bank Deposit')\n            AND status = 'approved'","timestamp":"2026-08-10T07:22:13.873Z"}
{"level":"error","message":"[InterestIncome] Error processing loan G09/040/001/04/20260804:","timestamp":"2026-08-10T07:22:13.874Z"}
{"level":"error","message":"[InterestIncome] Record data:","timestamp":"2026-08-10T07:22:13.874Z"}
{"error":"Unknown column 'payment_type' in 'where clause'","level":"error","message":"mainDb query failed:","sql":"SELECT \n            SUM(payment) AS total_paid,\n            COUNT(*) AS payment_count,\n            MIN(payment_date) AS first_payment_date,\n            MAX(payment_date) AS last_payment_date\n          FROM payments\n          WHERE loan_code = ?\n            AND payment_date < ?\n            AND payment_type IN ('cash', 'CDK', 'Online Payment', 'Bank Deposit')\n            AND status = 'approved'","timestamp":"2026-08-10T07:22:14.127Z"}
{"level":"error","message":"[InterestIncome] Error processing loan G09/043/002/07/20260803:","timestamp":"2026-08-10T07:22:14.128Z"}
{"level":"error","message":"[InterestIncome] Record data:","timestamp":"2026-08-10T07:22:14.128Z"}
{"error":"Unknown column 'payment_type' in 'where clause'","level":"error","message":"mainDb query failed:","sql":"SELECT \n            SUM(payment) AS total_paid,\n            COUNT(*) AS payment_count,\n            MIN(payment_date) AS first_payment_date,\n            MAX(payment_date) AS last_payment_date\n          FROM payments\n          WHERE loan_code = ?\n            AND payment_date < ?\n            AND payment_type IN ('cash', 'CDK', 'Online Payment', 'Bank Deposit')\n            AND status = 'approved'","timestamp":"2026-08-10T07:22:14.355Z"}
{"level":"error","message":"[InterestIncome] Error processing loan G09/049/001/02/20260803:","timestamp":"2026-08-10T07:22:14.355Z"}
{"level":"error","message":"[InterestIncome] Record data:","timestamp":"2026-08-10T07:22:14.355Z"}
{"error":"Unknown column 'payment_type' in 'where clause'","level":"error","message":"mainDb query failed:","sql":"SELECT \n            SUM(payment) AS total_paid,\n            COUNT(*) AS payment_count,\n            MIN(payment_date) AS first_payment_date,\n            MAX(payment_date) AS last_payment_date\n          FROM payments\n          WHERE loan_code = ?\n            AND payment_date < ?\n            AND payment_type IN ('cash', 'CDK', 'Online Payment', 'Bank Deposit')\n            AND status = 'approved'","timestamp":"2026-08-10T07:22:14.593Z"}
{"level":"error","message":"[InterestIncome] Error processing loan G09/054/002/09/20260806:","timestamp":"2026-08-10T07:22:14.594Z"}
{"level":"error","message":"[InterestIncome] Record data:","timestamp":"2026-08-10T07:22:14.594Z"}
{"error":"Unknown column 'payment_type' in 'where clause'","level":"error","message":"mainDb query failed:","sql":"SELECT \n            SUM(payment) AS total_paid,\n            COUNT(*) AS payment_count,\n            MIN(payment_date) AS first_payment_date,\n            MAX(payment_date) AS last_payment_date\n          FROM payments\n          WHERE loan_code = ?\n            AND payment_date < ?\n            AND payment_type IN ('cash', 'CDK', 'Online Payment', 'Bank Deposit')\n            AND status = 'approved'","timestamp":"2026-08-10T07:22:14.832Z"}
{"level":"error","message":"[InterestIncome] Error processing loan G09/056/001/05/20260806:","timestamp":"2026-08-10T07:22:14.832Z"}
{"level":"error","message":"[InterestIncome] Record data:","timestamp":"2026-08-10T07:22:14.833Z"}
{"error":"Unknown column 'payment_type' in 'where clause'","level":"error","message":"mainDb query failed:","sql":"SELECT \n            SUM(payment) AS total_paid,\n            COUNT(*) AS payment_count,\n            MIN(payment_date) AS first_payment_date,\n            MAX(payment_date) AS last_payment_date\n          FROM payments\n          WHERE loan_code = ?\n            AND payment_date < ?\n            AND payment_type IN ('cash', 'CDK', 'Online Payment', 'Bank Deposit')\n            AND status = 'approved'","timestamp":"2026-08-10T07:22:15.033Z"}
{"level":"error","message":"[InterestIncome] Error processing loan G09/079/001/04/20260806:","timestamp":"2026-08-10T07:22:15.033Z"}
{"level":"error","message":"[InterestIncome] Record data:","timestamp":"2026-08-10T07:22:15.033Z"}
{"error":"Unknown column 'payment_type' in 'where clause'","level":"error","message":"mainDb query failed:","sql":"SELECT \n            SUM(payment) AS total_paid,\n            COUNT(*) AS payment_count,\n            MIN(payment_date) AS first_payment_date,\n            MAX(payment_date) AS last_payment_date\n          FROM payments\n          WHERE loan_code = ?\n            AND payment_date < ?\n            AND payment_type IN ('cash', 'CDK', 'Online Payment', 'Bank Deposit')\n            AND status = 'approved'","timestamp":"2026-08-10T07:22:15.274Z"}
{"level":"error","message":"[InterestIncome] Error processing loan G09/088/001/05/20260803:","timestamp":"2026-08-10T07:22:15.275Z"}
{"level":"error","message":"[InterestIncome] Record data:","timestamp":"2026-08-10T07:22:15.275Z"}
{"error":"Unknown column 'payment_type' in 'where clause'","level":"error","message":"mainDb query failed:","sql":"SELECT \n            SUM(payment) AS total_paid,\n            COUNT(*) AS payment_count,\n            MIN(payment_date) AS first_payment_date,\n            MAX(payment_date) AS last_payment_date\n          FROM payments\n          WHERE loan_code = ?\n            AND payment_date < ?\n            AND payment_type IN ('cash', 'CDK', 'Online Payment', 'Bank Deposit')\n            AND status = 'approved'","timestamp":"2026-08-10T07:22:15.513Z"}
{"level":"error","message":"[InterestIncome] Error processing loan G09/091/001/01/20260803:","timestamp":"2026-08-10T07:22:15.513Z"}
{"level":"error","message":"[InterestIncome] Record data:","timestamp":"2026-08-10T07:22:15.513Z"}
{"error":"Unknown column 'payment_type' in 'where clause'","level":"error","message":"mainDb query failed:","sql":"SELECT \n            SUM(payment) AS total_paid,\n            COUNT(*) AS payment_count,\n            MIN(payment_date) AS first_payment_date,\n            MAX(payment_date) AS last_payment_date\n          FROM payments\n          WHERE loan_code = ?\n            AND payment_date < ?\n            AND payment_type IN ('cash', 'CDK', 'Online Payment', 'Bank Deposit')\n            AND status = 'approved'","timestamp":"2026-08-10T07:22:15.753Z"}
{"level":"error","message":"[InterestIncome] Error processing loan G09/092/002/07/20260803:","timestamp":"2026-08-10T07:22:15.754Z"}
{"level":"error","message":"[InterestIncome] Record data:","timestamp":"2026-08-10T07:22:15.755Z"}
{"error":"Unknown column 'payment_type' in 'where clause'","level":"error","message":"mainDb query failed:","sql":"SELECT \n            SUM(payment) AS total_paid,\n            COUNT(*) AS payment_count,\n            MIN(payment_date) AS first_payment_date,\n            MAX(payment_date) AS last_payment_date\n          FROM payments\n          WHERE loan_code = ?\n            AND payment_date < ?\n            AND payment_type IN ('cash', 'CDK', 'Online Payment', 'Bank Deposit')\n            AND status = 'approved'","timestamp":"2026-08-10T07:22:15.994Z"}
{"level":"error","message":"[InterestIncome] Error processing loan G09/092/002/10/20260803:","timestamp":"2026-08-10T07:22:15.995Z"}
{"level":"error","message":"[InterestIncome] Record data:","timestamp":"2026-08-10T07:22:15.995Z"}
{"error":"Unknown column 'payment_type' in 'where clause'","level":"error","message":"mainDb query failed:","sql":"SELECT \n            SUM(payment) AS total_paid,\n            COUNT(*) AS payment_count,\n            MIN(payment_date) AS first_payment_date,\n            MAX(payment_date) AS last_payment_date\n          FROM payments\n          WHERE loan_code = ?\n            AND payment_date < ?\n            AND payment_type IN ('cash', 'CDK', 'Online Payment', 'Bank Deposit')\n            AND status = 'approved'","timestamp":"2026-08-10T07:22:16.235Z"}
{"level":"error","message":"[InterestIncome] Error processing loan G09/093/001/03/20260803:","timestamp":"2026-08-10T07:22:16.236Z"}
{"level":"error","message":"[InterestIncome] Record data:","timestamp":"2026-08-10T07:22:16.236Z"}
{"error":"Unknown column 'payment_type' in 'where clause'","level":"error","message":"mainDb query failed:","sql":"SELECT \n            SUM(payment) AS total_paid,\n            COUNT(*) AS payment_count,\n            MIN(payment_date) AS first_payment_date,\n            MAX(payment_date) AS last_payment_date\n          FROM payments\n          WHERE loan_code = ?\n            AND payment_date < ?\n            AND payment_type IN ('cash', 'CDK', 'Online Payment', 'Bank Deposit')\n            AND status = 'approved'","timestamp":"2026-08-10T07:22:16.472Z"}
{"level":"error","message":"[InterestIncome] Error processing loan G09/097/001/02/20260803:","timestamp":"2026-08-10T07:22:16.473Z"}
{"level":"error","message":"[InterestIncome] Record data:","timestamp":"2026-08-10T07:22:16.473Z"}
{"error":"Unknown column 'payment_type' in 'where clause'","level":"error","message":"mainDb query failed:","sql":"SELECT \n            SUM(payment) AS total_paid,\n            COUNT(*) AS payment_count,\n            MIN(payment_date) AS first_payment_date,\n            MAX(payment_date) AS last_payment_date\n          FROM payments\n          WHERE loan_code = ?\n            AND payment_date < ?\n            AND payment_type IN ('cash', 'CDK', 'Online Payment', 'Bank Deposit')\n            AND status = 'approved'","timestamp":"2026-08-10T07:22:16.692Z"}
{"level":"error","message":"[InterestIncome] Error processing loan G09/098/002/08/20260804:","timestamp":"2026-08-10T07:22:16.693Z"}
{"level":"error","message":"[InterestIncome] Record data:","timestamp":"2026-08-10T07:22:16.693Z"}
{"error":"Unknown column 'payment_type' in 'where clause'","level":"error","message":"mainDb query failed:","sql":"SELECT \n            SUM(payment) AS total_paid,\n            COUNT(*) AS payment_count,\n            MIN(payment_date) AS first_payment_date,\n            MAX(payment_date) AS last_payment_date\n          FROM payments\n          WHERE loan_code = ?\n            AND payment_date < ?\n            AND payment_type IN ('cash', 'CDK', 'Online Payment', 'Bank Deposit')\n            AND status = 'approved'","timestamp":"2026-08-10T07:22:16.953Z"}
{"level":"error","message":"[InterestIncome] Error processing loan G09/099/001/02/20260804:","timestamp":"2026-08-10T07:22:16.954Z"}
{"level":"error","message":"[InterestIncome] Record data:","timestamp":"2026-08-10T07:22:16.955Z"}
{"error":"Unknown column 'payment_type' in 'where clause'","level":"error","message":"mainDb query failed:","sql":"SELECT \n            SUM(payment) AS total_paid,\n            COUNT(*) AS payment_count,\n            MIN(payment_date) AS first_payment_date,\n            MAX(payment_date) AS last_payment_date\n          FROM payments\n          WHERE loan_code = ?\n            AND payment_date < ?\n            AND payment_type IN ('cash', 'CDK', 'Online Payment', 'Bank Deposit')\n            AND status = 'approved'","timestamp":"2026-08-10T07:22:17.206Z"}
{"level":"error","message":"[InterestIncome] Error processing loan G09/10/003/13/20260804:","timestamp":"2026-08-10T07:22:17.207Z"}
{"level":"error","message":"[InterestIncome] Record data:","timestamp":"2026-08-10T07:22:17.207Z"}
{"error":"Unknown column 'payment_type' in 'where clause'","level":"error","message":"mainDb query failed:","sql":"SELECT \n            SUM(payment) AS total_paid,\n            COUNT(*) AS payment_count,\n            MIN(payment_date) AS first_payment_date,\n            MAX(payment_date) AS last_payment_date\n          FROM payments\n          WHERE loan_code = ?\n            AND payment_date < ?\n            AND payment_type IN ('cash', 'CDK', 'Online Payment', 'Bank Deposit')\n            AND status = 'approved'","timestamp":"2026-08-10T07:22:17.433Z"}
{"level":"error","message":"[InterestIncome] Error processing loan G09/100/001/03/20260804:","timestamp":"2026-08-10T07:22:17.434Z"}
{"level":"error","message":"[InterestIncome] Record data:","timestamp":"2026-08-10T07:22:17.435Z"}
{"error":"Unknown column 'payment_type' in 'where clause'","level":"error","message":"mainDb query failed:","sql":"SELECT \n            SUM(payment) AS total_paid,\n            COUNT(*) AS payment_count,\n            MIN(payment_date) AS first_payment_date,\n            MAX(payment_date) AS last_payment_date\n          FROM payments\n          WHERE loan_code = ?\n            AND payment_date < ?\n            AND payment_type IN ('cash', 'CDK', 'Online Payment', 'Bank Deposit')\n            AND status = 'approved'","timestamp":"2026-08-10T07:22:17.676Z"}
{"level":"error","message":"[InterestIncome] Error processing loan G09/100/002/08/20260804:","timestamp":"2026-08-10T07:22:17.677Z"}
{"level":"error","message":"[InterestIncome] Record data:","timestamp":"2026-08-10T07:22:17.678Z"}
{"error":"Unknown column 'payment_type' in 'where clause'","level":"error","message":"mainDb query failed:","sql":"SELECT \n            SUM(payment) AS total_paid,\n            COUNT(*) AS payment_count,\n            MIN(payment_date) AS first_payment_date,\n            MAX(payment_date) AS last_payment_date\n          FROM payments\n          WHERE loan_code = ?\n            AND payment_date < ?\n            AND payment_type IN ('cash', 'CDK', 'Online Payment', 'Bank Deposit')\n            AND status = 'approved'","timestamp":"2026-08-10T07:22:17.913Z"}
{"level":"error","message":"[InterestIncome] Error processing loan G09/101/001/05/20260805:","timestamp":"2026-08-10T07:22:17.914Z"}
{"level":"error","message":"[InterestIncome] Record data:","timestamp":"2026-08-10T07:22:17.914Z"}
{"error":"Unknown column 'payment_type' in 'where clause'","level":"error","message":"mainDb query failed:","sql":"SELECT \n            SUM(payment) AS total_paid,\n            COUNT(*) AS payment_count,\n            MIN(payment_date) AS first_payment_date,\n            MAX(payment_date) AS last_payment_date\n          FROM payments\n          WHERE loan_code = ?\n            AND payment_date < ?\n            AND payment_type IN ('cash', 'CDK', 'Online Payment', 'Bank Deposit')\n            AND status = 'approved'","timestamp":"2026-08-10T07:22:18.152Z"}
{"level":"error","message":"[InterestIncome] Error processing loan G09/101/002/07/20260805:","timestamp":"2026-08-10T07:22:18.153Z"}
{"level":"error","message":"[InterestIncome] Record data:","timestamp":"2026-08-10T07:22:18.153Z"}
{"error":"Unknown column 'payment_type' in 'where clause'","level":"error","message":"mainDb query failed:","sql":"SELECT \n            SUM(payment) AS total_paid,\n            COUNT(*) AS payment_count,\n            MIN(payment_date) AS first_payment_date,\n            MAX(payment_date) AS last_payment_date\n          FROM payments\n          WHERE loan_code = ?\n            AND payment_date < ?\n            AND payment_type IN ('cash', 'CDK', 'Online Payment', 'Bank Deposit')\n            AND status = 'approved'","timestamp":"2026-08-10T07:22:18.407Z"}
{"level":"error","message":"[InterestIncome] Error processing loan G09/104/001/04/20260804:","timestamp":"2026-08-10T07:22:18.408Z"}
{"level":"error","message":"[InterestIncome] Record data:","timestamp":"2026-08-10T07:22:18.408Z"}
{"error":"Unknown column 'payment_type' in 'where clause'","level":"error","message":"mainDb query failed:","sql":"SELECT \n            SUM(payment) AS total_paid,\n            COUNT(*) AS payment_count,\n            MIN(payment_date) AS first_payment_date,\n            MAX(payment_date) AS last_payment_date\n          FROM payments\n          WHERE loan_code = ?\n            AND payment_date < ?\n            AND payment_type IN ('cash', 'CDK', 'Online Payment', 'Bank Deposit')\n            AND status = 'approved'","timestamp":"2026-08-10T07:22:18.636Z"}
{"level":"error","message":"[InterestIncome] Error processing loan G09/106/001/04/20260805:","timestamp":"2026-08-10T07:22:18.637Z"}
{"level":"error","message":"[InterestIncome] Record data:","timestamp":"2026-08-10T07:22:18.637Z"}
{"error":"Unknown column 'payment_type' in 'where clause'","level":"error","message":"mainDb query failed:","sql":"SELECT \n            SUM(payment) AS total_paid,\n            COUNT(*) AS payment_count,\n            MIN(payment_date) AS first_payment_date,\n            MAX(payment_date) AS last_payment_date\n          FROM payments\n          WHERE loan_code = ?\n            AND payment_date < ?\n            AND payment_type IN ('cash', 'CDK', 'Online Payment', 'Bank Deposit')\n            AND status = 'approved'","timestamp":"2026-08-10T07:22:18.874Z"}
{"level":"error","message":"[InterestIncome] Error processing loan G09/108/001/04/20260804:","timestamp":"2026-08-10T07:22:18.874Z"}
{"level":"error","message":"[InterestIncome] Record data:","timestamp":"2026-08-10T07:22:18.874Z"}
{"error":"Unknown column 'payment_type' in 'where clause'","level":"error","message":"mainDb query failed:","sql":"SELECT \n            SUM(payment) AS total_paid,\n            COUNT(*) AS payment_count,\n            MIN(payment_date) AS first_payment_date,\n            MAX(payment_date) AS last_payment_date\n          FROM payments\n          WHERE loan_code = ?\n            AND payment_date < ?\n            AND payment_type IN ('cash', 'CDK', 'Online Payment', 'Bank Deposit')\n            AND status = 'approved'","timestamp":"2026-08-10T07:22:19.113Z"}
{"level":"error","message":"[InterestIncome] Error processing loan G09/109/001/03/20260804:","timestamp":"2026-08-10T07:22:19.114Z"}
{"level":"error","message":"[InterestIncome] Record data:","timestamp":"2026-08-10T07:22:19.114Z"}
{"error":"Unknown column 'payment_type' in 'where clause'","level":"error","message":"mainDb query failed:","sql":"SELECT \n            SUM(payment) AS total_paid,\n            COUNT(*) AS payment_count,\n            MIN(payment_date) AS first_payment_date,\n            MAX(payment_date) AS last_payment_date\n          FROM payments\n          WHERE loan_code = ?\n            AND payment_date < ?\n            AND payment_type IN ('cash', 'CDK', 'Online Payment', 'Bank Deposit')\n            AND status = 'approved'","timestamp":"2026-08-10T07:22:19.355Z"}
{"level":"error","message":"[InterestIncome] Error processing loan G09/110/001/03/20260804:","timestamp":"2026-08-10T07:22:19.355Z"}
{"level":"error","message":"[InterestIncome] Record data:","timestamp":"2026-08-10T07:22:19.356Z"}
{"error":"Unknown column 'payment_type' in 'where clause'","level":"error","message":"mainDb query failed:","sql":"SELECT \n            SUM(payment) AS total_paid,\n            COUNT(*) AS payment_count,\n            MIN(payment_date) AS first_payment_date,\n            MAX(payment_date) AS last_payment_date\n          FROM payments\n          WHERE loan_code = ?\n            AND payment_date < ?\n            AND payment_type IN ('cash', 'CDK', 'Online Payment', 'Bank Deposit')\n            AND status = 'approved'","timestamp":"2026-08-10T07:22:19.593Z"}
{"level":"error","message":"[InterestIncome] Error processing loan G09/125/001/01/20260805:","timestamp":"2026-08-10T07:22:19.594Z"}
{"level":"error","message":"[InterestIncome] Record data:","timestamp":"2026-08-10T07:22:19.594Z"}
{"error":"Unknown column 'payment_type' in 'where clause'","level":"error","message":"mainDb query failed:","sql":"SELECT \n            SUM(payment) AS total_paid,\n            COUNT(*) AS payment_count,\n            MIN(payment_date) AS first_payment_date,\n            MAX(payment_date) AS last_payment_date\n          FROM payments\n          WHERE loan_code = ?\n            AND payment_date < ?\n            AND payment_type IN ('cash', 'CDK', 'Online Payment', 'Bank Deposit')\n            AND status = 'approved'","timestamp":"2026-08-10T07:22:19.833Z"}
{"level":"error","message":"[InterestIncome] Error processing loan G09/125/001/02/20260805:","timestamp":"2026-08-10T07:22:19.833Z"}
{"level":"error","message":"[InterestIncome] Record data:","timestamp":"2026-08-10T07:22:19.833Z"}
{"error":"Unknown column 'payment_type' in 'where clause'","level":"error","message":"mainDb query failed:","sql":"SELECT \n            SUM(payment) AS total_paid,\n            COUNT(*) AS payment_count,\n            MIN(payment_date) AS first_payment_date,\n            MAX(payment_date) AS last_payment_date\n          FROM payments\n          WHERE loan_code = ?\n            AND payment_date < ?\n            AND payment_type IN ('cash', 'CDK', 'Online Payment', 'Bank Deposit')\n            AND status = 'approved'","timestamp":"2026-08-10T07:22:20.073Z"}
{"level":"error","message":"[InterestIncome] Error processing loan G09/125/001/03/20260805:","timestamp":"2026-08-10T07:22:20.074Z"}
{"level":"error","message":"[InterestIncome] Record data:","timestamp":"2026-08-10T07:22:20.074Z"}
{"error":"Unknown column 'payment_type' in 'where clause'","level":"error","message":"mainDb query failed:","sql":"SELECT \n            SUM(payment) AS total_paid,\n            COUNT(*) AS payment_count,\n            MIN(payment_date) AS first_payment_date,\n            MAX(payment_date) AS last_payment_date\n          FROM payments\n          WHERE loan_code = ?\n            AND payment_date < ?\n            AND payment_type IN ('cash', 'CDK', 'Online Payment', 'Bank Deposit')\n            AND status = 'approved'","timestamp":"2026-08-10T07:22:20.317Z"}
{"level":"error","message":"[InterestIncome] Error processing loan G10/005/001/03/20260803:","timestamp":"2026-08-10T07:22:20.318Z"}
{"level":"error","message":"[InterestIncome] Record data:","timestamp":"2026-08-10T07:22:20.319Z"}
{"error":"Unknown column 'payment_type' in 'where clause'","level":"error","message":"mainDb query failed:","sql":"SELECT \n            SUM(payment) AS total_paid,\n            COUNT(*) AS payment_count,\n            MIN(payment_date) AS first_payment_date,\n            MAX(payment_date) AS last_payment_date\n          FROM payments\n          WHERE loan_code = ?\n            AND payment_date < ?\n            AND payment_type IN ('cash', 'CDK', 'Online Payment', 'Bank Deposit')\n            AND status = 'approved'","timestamp":"2026-08-10T07:22:20.553Z"}
{"level":"error","message":"[InterestIncome] Error processing loan G10/006/002/05/20260803:","timestamp":"2026-08-10T07:22:20.554Z"}
{"level":"error","message":"[InterestIncome] Record data:","timestamp":"2026-08-10T07:22:20.555Z"}
{"error":"Unknown column 'payment_type' in 'where clause'","level":"error","message":"mainDb query failed:","sql":"SELECT \n            SUM(payment) AS total_paid,\n            COUNT(*) AS payment_count,\n            MIN(payment_date) AS first_payment_date,\n            MAX(payment_date) AS last_payment_date\n          FROM payments\n          WHERE loan_code = ?\n            AND payment_date < ?\n            AND payment_type IN ('cash', 'CDK', 'Online Payment', 'Bank Deposit')\n            AND status = 'approved'","timestamp":"2026-08-10T07:22:20.809Z"}
{"level":"error","message":"[InterestIncome] Error processing loan G10/009/001/01/20260803:","timestamp":"2026-08-10T07:22:20.810Z"}
{"level":"error","message":"[InterestIncome] Record data:","timestamp":"2026-08-10T07:22:20.810Z"}
{"error":"Unknown column 'payment_type' in 'where clause'","level":"error","message":"mainDb query failed:","sql":"SELECT \n            SUM(payment) AS total_paid,\n            COUNT(*) AS payment_count,\n            MIN(payment_date) AS first_payment_date,\n            MAX(payment_date) AS last_payment_date\n          FROM payments\n          WHERE loan_code = ?\n            AND payment_date < ?\n            AND payment_type IN ('cash', 'CDK', 'Online Payment', 'Bank Deposit')\n            AND status = 'approved'","timestamp":"2026-08-10T07:22:21.047Z"}
{"level":"error","message":"[InterestIncome] Error processing loan G10/011/001/04/20260805:","timestamp":"2026-08-10T07:22:21.048Z"}
{"level":"error","message":"[InterestIncome] Record data:","timestamp":"2026-08-10T07:22:21.048Z"}
{"error":"Unknown column 'payment_type' in 'where clause'","level":"error","message":"mainDb query failed:","sql":"SELECT \n            SUM(payment) AS total_paid,\n            COUNT(*) AS payment_count,\n            MIN(payment_date) AS first_payment_date,\n            MAX(payment_date) AS last_payment_date\n          FROM payments\n          WHERE loan_code = ?\n            AND payment_date < ?\n            AND payment_type IN ('cash', 'CDK', 'Online Payment', 'Bank Deposit')\n            AND status = 'approved'","timestamp":"2026-08-10T07:22:21.275Z"}
{"level":"error","message":"[InterestIncome] Error processing loan G10/012/001/02/20260805:","timestamp":"2026-08-10T07:22:21.275Z"}
{"level":"error","message":"[InterestIncome] Record data:","timestamp":"2026-08-10T07:22:21.275Z"}
{"error":"Unknown column 'payment_type' in 'where clause'","level":"error","message":"mainDb query failed:","sql":"SELECT \n            SUM(payment) AS total_paid,\n            COUNT(*) AS payment_count,\n            MIN(payment_date) AS first_payment_date,\n            MAX(payment_date) AS last_payment_date\n          FROM payments\n          WHERE loan_code = ?\n            AND payment_date < ?\n            AND payment_type IN ('cash', 'CDK', 'Online Payment', 'Bank Deposit')\n            AND status = 'approved'","timestamp":"2026-08-10T07:22:21.528Z"}
{"level":"error","message":"[InterestIncome] Error processing loan G10/013/002/05/20260805:","timestamp":"2026-08-10T07:22:21.529Z"}
{"level":"error","message":"[InterestIncome] Record data:","timestamp":"2026-08-10T07:22:21.529Z"}
{"error":"Unknown column 'payment_type' in 'where clause'","level":"error","message":"mainDb query failed:","sql":"SELECT \n            SUM(payment) AS total_paid,\n            COUNT(*) AS payment_count,\n            MIN(payment_date) AS first_payment_date,\n            MAX(payment_date) AS last_payment_date\n          FROM payments\n          WHERE loan_code = ?\n            AND payment_date < ?\n            AND payment_type IN ('cash', 'CDK', 'Online Payment', 'Bank Deposit')\n            AND status = 'approved'","timestamp":"2026-08-10T07:22:21.753Z"}
{"level":"error","message":"[InterestIncome] Error processing loan G10/014/002/06/20260805:","timestamp":"2026-08-10T07:22:21.754Z"}
{"level":"error","message":"[InterestIncome] Record data:","timestamp":"2026-08-10T07:22:21.754Z"}
{"error":"Unknown column 'payment_type' in 'where clause'","level":"error","message":"mainDb query failed:","sql":"SELECT \n            SUM(payment) AS total_paid,\n            COUNT(*) AS payment_count,\n            MIN(payment_date) AS first_payment_date,\n            MAX(payment_date) AS last_payment_date\n          FROM payments\n          WHERE loan_code = ?\n            AND payment_date < ?\n            AND payment_type IN ('cash', 'CDK', 'Online Payment', 'Bank Deposit')\n            AND status = 'approved'","timestamp":"2026-08-10T07:22:21.978Z"}
{"level":"error","message":"[InterestIncome] Error processing loan G10/014/003/11/20260805:","timestamp":"2026-08-10T07:22:21.978Z"}
{"level":"error","message":"[InterestIncome] Record data:","timestamp":"2026-08-10T07:22:21.979Z"}
{"error":"Unknown column 'payment_type' in 'where clause'","level":"error","message":"mainDb query failed:","sql":"SELECT \n            SUM(payment) AS total_paid,\n            COUNT(*) AS payment_count,\n            MIN(payment_date) AS first_payment_date,\n            MAX(payment_date) AS last_payment_date\n          FROM payments\n          WHERE loan_code = ?\n            AND payment_date < ?\n            AND payment_type IN ('cash', 'CDK', 'Online Payment', 'Bank Deposit')\n            AND status = 'approved'","timestamp":"2026-08-10T07:22:22.234Z"}
{"level":"error","message":"[InterestIncome] Error processing loan G10/021/001/03/20260803:","timestamp":"2026-08-10T07:22:22.234Z"}
{"level":"error","message":"[InterestIncome] Record data:","timestamp":"2026-08-10T07:22:22.235Z"}
{"error":"Unknown column 'payment_type' in 'where clause'","level":"error","message":"mainDb query failed:","sql":"SELECT \n            SUM(payment) AS total_paid,\n            COUNT(*) AS payment_count,\n            MIN(payment_date) AS first_payment_date,\n            MAX(payment_date) AS last_payment_date\n          FROM payments\n          WHERE loan_code = ?\n            AND payment_date < ?\n            AND payment_type IN ('cash', 'CDK', 'Online Payment', 'Bank Deposit')\n            AND status = 'approved'","timestamp":"2026-08-10T07:22:22.462Z"}
{"level":"error","message":"[InterestIncome] Error processing loan G10/025/002/07/20260803:","timestamp":"2026-08-10T07:22:22.463Z"}
{"level":"error","message":"[InterestIncome] Record data:","timestamp":"2026-08-10T07:22:22.463Z"}
{"error":"Unknown column 'payment_type' in 'where clause'","level":"error","message":"mainDb query failed:","sql":"SELECT \n            SUM(payment) AS total_paid,\n            COUNT(*) AS payment_count,\n            MIN(payment_date) AS first_payment_date,\n            MAX(payment_date) AS last_payment_date\n          FROM payments\n          WHERE loan_code = ?\n            AND payment_date < ?\n            AND payment_type IN ('cash', 'CDK', 'Online Payment', 'Bank Deposit')\n            AND status = 'approved'","timestamp":"2026-08-10T07:22:22.708Z"}
{"level":"error","message":"[InterestIncome] Error processing loan G10/025/002/10/20260803:","timestamp":"2026-08-10T07:22:22.708Z"}
{"level":"error","message":"[InterestIncome] Record data:","timestamp":"2026-08-10T07:22:22.709Z"}
{"error":"Unknown column 'payment_type' in 'where clause'","level":"error","message":"mainDb query failed:","sql":"SELECT \n            SUM(payment) AS total_paid,\n            COUNT(*) AS payment_count,\n            MIN(payment_date) AS first_payment_date,\n            MAX(payment_date) AS last_payment_date\n          FROM payments\n          WHERE loan_code = ?\n            AND payment_date < ?\n            AND payment_type IN ('cash', 'CDK', 'Online Payment', 'Bank Deposit')\n            AND status = 'approved'","timestamp":"2026-08-10T07:22:22.938Z"}
{"level":"error","message":"[InterestIncome] Error processing loan G10/027/003/11/20260803:","timestamp":"2026-08-10T07:22:22.939Z"}
{"level":"error","message":"[InterestIncome] Record data:","timestamp":"2026-08-10T07:22:22.940Z"}
{"error":"Unknown column 'payment_type' in 'where clause'","level":"error","message":"mainDb query failed:","sql":"SELECT \n            SUM(payment) AS total_paid,\n            COUNT(*) AS payment_count,\n            MIN(payment_date) AS first_payment_date,\n            MAX(payment_date) AS last_payment_date\n          FROM payments\n          WHERE loan_code = ?\n            AND payment_date < ?\n            AND payment_type IN ('cash', 'CDK', 'Online Payment', 'Bank Deposit')\n            AND status = 'approved'","timestamp":"2026-08-10T07:22:23.153Z"}
{"level":"error","message":"[InterestIncome] Error processing loan G10/030/001/05/20260805:","timestamp":"2026-08-10T07:22:23.154Z"}
{"level":"error","message":"[InterestIncome] Record data:","timestamp":"2026-08-10T07:22:23.155Z"}
{"error":"Unknown column 'payment_type' in 'where clause'","level":"error","message":"mainDb query failed:","sql":"SELECT \n            SUM(payment) AS total_paid,\n            COUNT(*) AS payment_count,\n            MIN(payment_date) AS first_payment_date,\n            MAX(payment_date) AS last_payment_date\n          FROM payments\n          WHERE loan_code = ?\n            AND payment_date < ?\n            AND payment_type IN ('cash', 'CDK', 'Online Payment', 'Bank Deposit')\n            AND status = 'approved'","timestamp":"2026-08-10T07:22:23.393Z"}
{"level":"error","message":"[InterestIncome] Error processing loan G10/035/001/01/20260807:","timestamp":"2026-08-10T07:22:23.394Z"}
{"level":"error","message":"[InterestIncome] Record data:","timestamp":"2026-08-10T07:22:23.394Z"}
{"error":"Unknown column 'payment_type' in 'where clause'","level":"error","message":"mainDb query failed:","sql":"SELECT \n            SUM(payment) AS total_paid,\n            COUNT(*) AS payment_count,\n            MIN(payment_date) AS first_payment_date,\n            MAX(payment_date) AS last_payment_date\n          FROM payments\n          WHERE loan_code = ?\n            AND payment_date < ?\n            AND payment_type IN ('cash', 'CDK', 'Online Payment', 'Bank Deposit')\n            AND status = 'approved'","timestamp":"2026-08-10T07:22:23.623Z"}
{"level":"error","message":"[InterestIncome] Error processing loan G10/042/001/01/20260805:","timestamp":"2026-08-10T07:22:23.624Z"}
{"level":"error","message":"[InterestIncome] Record data:","timestamp":"2026-08-10T07:22:23.624Z"}
{"error":"Unknown column 'payment_type' in 'where clause'","level":"error","message":"mainDb query failed:","sql":"SELECT \n            SUM(payment) AS total_paid,\n            COUNT(*) AS payment_count,\n            MIN(payment_date) AS first_payment_date,\n            MAX(payment_date) AS last_payment_date\n          FROM payments\n          WHERE loan_code = ?\n            AND payment_date < ?\n            AND payment_type IN ('cash', 'CDK', 'Online Payment', 'Bank Deposit')\n            AND status = 'approved'","timestamp":"2026-08-10T07:22:23.833Z"}
{"level":"error","message":"[InterestIncome] Error processing loan G11/001/001/05/20260805:","timestamp":"2026-08-10T07:22:23.834Z"}
{"level":"error","message":"[InterestIncome] Record data:","timestamp":"2026-08-10T07:22:23.835Z"}
{"error":"Unknown column 'payment_type' in 'where clause'","level":"error","message":"mainDb query failed:","sql":"SELECT \n            SUM(payment) AS total_paid,\n            COUNT(*) AS payment_count,\n            MIN(payment_date) AS first_payment_date,\n            MAX(payment_date) AS last_payment_date\n          FROM payments\n          WHERE loan_code = ?\n            AND payment_date < ?\n            AND payment_type IN ('cash', 'CDK', 'Online Payment', 'Bank Deposit')\n            AND status = 'approved'","timestamp":"2026-08-10T07:22:24.073Z"}
{"level":"error","message":"[InterestIncome] Error processing loan G11/001/002/06/20260805:","timestamp":"2026-08-10T07:22:24.074Z"}
{"level":"error","message":"[InterestIncome] Record data:","timestamp":"2026-08-10T07:22:24.074Z"}
{"error":"Unknown column 'payment_type' in 'where clause'","level":"error","message":"mainDb query failed:","sql":"SELECT \n            SUM(payment) AS total_paid,\n            COUNT(*) AS payment_count,\n            MIN(payment_date) AS first_payment_date,\n            MAX(payment_date) AS last_payment_date\n          FROM payments\n          WHERE loan_code = ?\n            AND payment_date < ?\n            AND payment_type IN ('cash', 'CDK', 'Online Payment', 'Bank Deposit')\n            AND status = 'approved'","timestamp":"2026-08-10T07:22:24.314Z"}
{"level":"error","message":"[InterestIncome] Error processing loan G11/002/002/06/20260805:","timestamp":"2026-08-10T07:22:24.315Z"}
{"level":"error","message":"[InterestIncome] Record data:","timestamp":"2026-08-10T07:22:24.315Z"}
{"error":"Unknown column 'payment_type' in 'where clause'","level":"error","message":"mainDb query failed:","sql":"SELECT \n            SUM(payment) AS total_paid,\n            COUNT(*) AS payment_count,\n            MIN(payment_date) AS first_payment_date,\n            MAX(payment_date) AS last_payment_date\n          FROM payments\n          WHERE loan_code = ?\n            AND payment_date < ?\n            AND payment_type IN ('cash', 'CDK', 'Online Payment', 'Bank Deposit')\n            AND status = 'approved'","timestamp":"2026-08-10T07:22:24.554Z"}
{"level":"error","message":"[InterestIncome] Error processing loan G11/008/001/05/20260803:","timestamp":"2026-08-10T07:22:24.555Z"}
{"level":"error","message":"[InterestIncome] Record data:","timestamp":"2026-08-10T07:22:24.556Z"}
{"error":"Unknown column 'payment_type' in 'where clause'","level":"error","message":"mainDb query failed:","sql":"SELECT \n            SUM(payment) AS total_paid,\n            COUNT(*) AS payment_count,\n            MIN(payment_date) AS first_payment_date,\n            MAX(payment_date) AS last_payment_date\n          FROM payments\n          WHERE loan_code = ?\n            AND payment_date < ?\n            AND payment_type IN ('cash', 'CDK', 'Online Payment', 'Bank Deposit')\n            AND status = 'approved'","timestamp":"2026-08-10T07:22:24.794Z"}
{"level":"error","message":"[InterestIncome] Error processing loan G11/008/003/11/20260803:","timestamp":"2026-08-10T07:22:24.794Z"}
{"level":"error","message":"[InterestIncome] Record data:","timestamp":"2026-08-10T07:22:24.795Z"}
{"error":"Unknown column 'payment_type' in 'where clause'","level":"error","message":"mainDb query failed:","sql":"SELECT \n            SUM(payment) AS total_paid,\n            COUNT(*) AS payment_count,\n            MIN(payment_date) AS first_payment_date,\n            MAX(payment_date) AS last_payment_date\n          FROM payments\n          WHERE loan_code = ?\n            AND payment_date < ?\n            AND payment_type IN ('cash', 'CDK', 'Online Payment', 'Bank Deposit')\n            AND status = 'approved'","timestamp":"2026-08-10T07:22:25.036Z"}
{"level":"error","message":"[InterestIncome] Error processing loan G11/008/003/12/20260803:","timestamp":"2026-08-10T07:22:25.037Z"}
{"level":"error","message":"[InterestIncome] Record data:","timestamp":"2026-08-10T07:22:25.037Z"}
{"error":"Unknown column 'payment_type' in 'where clause'","level":"error","message":"mainDb query failed:","sql":"SELECT \n            SUM(payment) AS total_paid,\n            COUNT(*) AS payment_count,\n            MIN(payment_date) AS first_payment_date,\n            MAX(payment_date) AS last_payment_date\n          FROM payments\n          WHERE loan_code = ?\n            AND payment_date < ?\n            AND payment_type IN ('cash', 'CDK', 'Online Payment', 'Bank Deposit')\n            AND status = 'approved'","timestamp":"2026-08-10T07:22:25.273Z"}
{"level":"error","message":"[InterestIncome] Error processing loan G11/009/002/06/20260803:","timestamp":"2026-08-10T07:22:25.274Z"}
{"level":"error","message":"[InterestIncome] Record data:","timestamp":"2026-08-10T07:22:25.274Z"}
{"error":"Unknown column 'payment_type' in 'where clause'","level":"error","message":"mainDb query failed:","sql":"SELECT \n            SUM(payment) AS total_paid,\n            COUNT(*) AS payment_count,\n            MIN(payment_date) AS first_payment_date,\n            MAX(payment_date) AS last_payment_date\n          FROM payments\n          WHERE loan_code = ?\n            AND payment_date < ?\n            AND payment_type IN ('cash', 'CDK', 'Online Payment', 'Bank Deposit')\n            AND status = 'approved'","timestamp":"2026-08-10T07:22:25.480Z"}
{"level":"error","message":"[InterestIncome] Error processing loan G11/009/002/10/20260803:","timestamp":"2026-08-10T07:22:25.481Z"}
{"level":"error","message":"[InterestIncome] Record data:","timestamp":"2026-08-10T07:22:25.482Z"}
{"error":"Unknown column 'payment_type' in 'where clause'","level":"error","message":"mainDb query failed:","sql":"SELECT \n            SUM(payment) AS total_paid,\n            COUNT(*) AS payment_count,\n            MIN(payment_date) AS first_payment_date,\n            MAX(payment_date) AS last_payment_date\n          FROM payments\n          WHERE loan_code = ?\n            AND payment_date < ?\n            AND payment_type IN ('cash', 'CDK', 'Online Payment', 'Bank Deposit')\n            AND status = 'approved'","timestamp":"2026-08-10T07:22:25.714Z"}
{"level":"error","message":"[InterestIncome] Error processing loan G11/011/002/07/20260805:","timestamp":"2026-08-10T07:22:25.714Z"}
{"level":"error","message":"[InterestIncome] Record data:","timestamp":"2026-08-10T07:22:25.715Z"}
{"error":"Unknown column 'payment_type' in 'where clause'","level":"error","message":"mainDb query failed:","sql":"SELECT \n            SUM(payment) AS total_paid,\n            COUNT(*) AS payment_count,\n            MIN(payment_date) AS first_payment_date,\n            MAX(payment_date) AS last_payment_date\n          FROM payments\n          WHERE loan_code = ?\n            AND payment_date < ?\n            AND payment_type IN ('cash', 'CDK', 'Online Payment', 'Bank Deposit')\n            AND status = 'approved'","timestamp":"2026-08-10T07:22:25.969Z"}
{"level":"error","message":"[InterestIncome] Error processing loan G11/015/001/05/20260803:","timestamp":"2026-08-10T07:22:25.969Z"}
{"level":"error","message":"[InterestIncome] Record data:","timestamp":"2026-08-10T07:22:25.970Z"}
{"error":"Unknown column 'payment_type' in 'where clause'","level":"error","message":"mainDb query failed:","sql":"SELECT \n            SUM(payment) AS total_paid,\n            COUNT(*) AS payment_count,\n            MIN(payment_date) AS first_payment_date,\n            MAX(payment_date) AS last_payment_date\n          FROM payments\n          WHERE loan_code = ?\n            AND payment_date < ?\n            AND payment_type IN ('cash', 'CDK', 'Online Payment', 'Bank Deposit')\n            AND status = 'approved'","timestamp":"2026-08-10T07:22:26.193Z"}
{"level":"error","message":"[InterestIncome] Error processing loan G11/015/003/11/20260803:","timestamp":"2026-08-10T07:22:26.194Z"}
{"level":"error","message":"[InterestIncome] Record data:","timestamp":"2026-08-10T07:22:26.194Z"}
{"error":"Unknown column 'payment_type' in 'where clause'","level":"error","message":"mainDb query failed:","sql":"SELECT \n            SUM(payment) AS total_paid,\n            COUNT(*) AS payment_count,\n            MIN(payment_date) AS first_payment_date,\n            MAX(payment_date) AS last_payment_date\n          FROM payments\n          WHERE loan_code = ?\n            AND payment_date < ?\n            AND payment_type IN ('cash', 'CDK', 'Online Payment', 'Bank Deposit')\n            AND status = 'approved'","timestamp":"2026-08-10T07:22:26.433Z"}
{"level":"error","message":"[InterestIncome] Error processing loan G11/019/001/02/20260805:","timestamp":"2026-08-10T07:22:26.434Z"}
{"level":"error","message":"[InterestIncome] Record data:","timestamp":"2026-08-10T07:22:26.434Z"}
{"error":"Unknown column 'payment_type' in 'where clause'","level":"error","message":"mainDb query failed:","sql":"SELECT \n            SUM(payment) AS total_paid,\n            COUNT(*) AS payment_count,\n            MIN(payment_date) AS first_payment_date,\n            MAX(payment_date) AS last_payment_date\n          FROM payments\n          WHERE loan_code = ?\n            AND payment_date < ?\n            AND payment_type IN ('cash', 'CDK', 'Online Payment', 'Bank Deposit')\n            AND status = 'approved'","timestamp":"2026-08-10T07:22:26.674Z"}
{"level":"error","message":"[InterestIncome] Error processing loan G11/019/001/04/20260805:","timestamp":"2026-08-10T07:22:26.675Z"}
{"level":"error","message":"[InterestIncome] Record data:","timestamp":"2026-08-10T07:22:26.675Z"}
{"error":"Unknown column 'payment_type' in 'where clause'","level":"error","message":"mainDb query failed:","sql":"SELECT \n            SUM(payment) AS total_paid,\n            COUNT(*) AS payment_count,\n            MIN(payment_date) AS first_payment_date,\n            MAX(payment_date) AS last_payment_date\n          FROM payments\n          WHERE loan_code = ?\n            AND payment_date < ?\n            AND payment_type IN ('cash', 'CDK', 'Online Payment', 'Bank Deposit')\n            AND status = 'approved'","timestamp":"2026-08-10T07:22:26.903Z"}
{"level":"error","message":"[InterestIncome] Error processing loan G11/022/002/08/20260803:","timestamp":"2026-08-10T07:22:26.904Z"}
{"level":"error","message":"[InterestIncome] Record data:","timestamp":"2026-08-10T07:22:26.905Z"}
{"error":"Unknown column 'payment_type' in 'where clause'","level":"error","message":"mainDb query failed:","sql":"SELECT \n            SUM(payment) AS total_paid,\n            COUNT(*) AS payment_count,\n            MIN(payment_date) AS first_payment_date,\n            MAX(payment_date) AS last_payment_date\n          FROM payments\n          WHERE loan_code = ?\n            AND payment_date < ?\n            AND payment_type IN ('cash', 'CDK', 'Online Payment', 'Bank Deposit')\n            AND status = 'approved'","timestamp":"2026-08-10T07:22:27.115Z"}
{"level":"error","message":"[InterestIncome] Error processing loan G11/022/002/10/20260803:","timestamp":"2026-08-10T07:22:27.116Z"}
{"level":"error","message":"[InterestIncome] Record data:","timestamp":"2026-08-10T07:22:27.116Z"}
{"error":"Unknown column 'payment_type' in 'where clause'","level":"error","message":"mainDb query failed:","sql":"SELECT \n            SUM(payment) AS total_paid,\n            COUNT(*) AS payment_count,\n            MIN(payment_date) AS first_payment_date,\n            MAX(payment_date) AS last_payment_date\n          FROM payments\n          WHERE loan_code = ?\n            AND payment_date < ?\n            AND payment_type IN ('cash', 'CDK', 'Online Payment', 'Bank Deposit')\n            AND status = 'approved'","timestamp":"2026-08-10T07:22:27.353Z"}
{"level":"error","message":"[InterestIncome] Error processing loan G11/029/003/11/20260803:","timestamp":"2026-08-10T07:22:27.353Z"}
{"level":"error","message":"[InterestIncome] Record data:","timestamp":"2026-08-10T07:22:27.353Z"}
{"error":"Unknown column 'payment_type' in 'where clause'","level":"error","message":"mainDb query failed:","sql":"SELECT \n            SUM(payment) AS total_paid,\n            COUNT(*) AS payment_count,\n            MIN(payment_date) AS first_payment_date,\n            MAX(payment_date) AS last_payment_date\n          FROM payments\n          WHERE loan_code = ?\n            AND payment_date < ?\n            AND payment_type IN ('cash', 'CDK', 'Online Payment', 'Bank Deposit')\n            AND status = 'approved'","timestamp":"2026-08-10T07:22:27.597Z"}
{"level":"error","message":"[InterestIncome] Error processing loan G11/032/003/11/20260805:","timestamp":"2026-08-10T07:22:27.598Z"}
{"level":"error","message":"[InterestIncome] Record data:","timestamp":"2026-08-10T07:22:27.599Z"}
{"error":"Unknown column 'payment_type' in 'where clause'","level":"error","message":"mainDb query failed:","sql":"SELECT \n            SUM(payment) AS total_paid,\n            COUNT(*) AS payment_count,\n            MIN(payment_date) AS first_payment_date,\n            MAX(payment_date) AS last_payment_date\n          FROM payments\n          WHERE loan_code = ?\n            AND payment_date < ?\n            AND payment_type IN ('cash', 'CDK', 'Online Payment', 'Bank Deposit')\n            AND status = 'approved'","timestamp":"2026-08-10T07:22:27.835Z"}
{"level":"error","message":"[InterestIncome] Error processing loan G11/033/001/03/20260803:","timestamp":"2026-08-10T07:22:27.835Z"}
{"level":"error","message":"[InterestIncome] Record data:","timestamp":"2026-08-10T07:22:27.836Z"}
{"error":"Unknown column 'payment_type' in 'where clause'","level":"error","message":"mainDb query failed:","sql":"SELECT \n            SUM(payment) AS total_paid,\n            COUNT(*) AS payment_count,\n            MIN(payment_date) AS first_payment_date,\n            MAX(payment_date) AS last_payment_date\n          FROM payments\n          WHERE loan_code = ?\n            AND payment_date < ?\n            AND payment_type IN ('cash', 'CDK', 'Online Payment', 'Bank Deposit')\n            AND status = 'approved'","timestamp":"2026-08-10T07:22:28.073Z"}
{"level":"error","message":"[InterestIncome] Error processing loan G11/034/001/02/20260803:","timestamp":"2026-08-10T07:22:28.074Z"}
{"level":"error","message":"[InterestIncome] Record data:","timestamp":"2026-08-10T07:22:28.074Z"}
{"error":"Unknown column 'payment_type' in 'where clause'","level":"error","message":"mainDb query failed:","sql":"SELECT \n            SUM(payment) AS total_paid,\n            COUNT(*) AS payment_count,\n            MIN(payment_date) AS first_payment_date,\n            MAX(payment_date) AS last_payment_date\n          FROM payments\n          WHERE loan_code = ?\n            AND payment_date < ?\n            AND payment_type IN ('cash', 'CDK', 'Online Payment', 'Bank Deposit')\n            AND status = 'approved'","timestamp":"2026-08-10T07:22:28.313Z"}
{"level":"error","message":"[InterestIncome] Error processing loan G11/035/001/01/20260803:","timestamp":"2026-08-10T07:22:28.313Z"}
{"level":"error","message":"[InterestIncome] Record data:","timestamp":"2026-08-10T07:22:28.313Z"}
{"error":"Unknown column 'payment_type' in 'where clause'","level":"error","message":"mainDb query failed:","sql":"SELECT \n            SUM(payment) AS total_paid,\n            COUNT(*) AS payment_count,\n            MIN(payment_date) AS first_payment_date,\n            MAX(payment_date) AS last_payment_date\n          FROM payments\n          WHERE loan_code = ?\n            AND payment_date < ?\n            AND payment_type IN ('cash', 'CDK', 'Online Payment', 'Bank Deposit')\n            AND status = 'approved'","timestamp":"2026-08-10T07:22:28.553Z"}
{"level":"error","message":"[InterestIncome] Error processing loan G11/037/001/02/20260805:","timestamp":"2026-08-10T07:22:28.553Z"}
{"level":"error","message":"[InterestIncome] Record data:","timestamp":"2026-08-10T07:22:28.553Z"}
{"error":"Unknown column 'payment_type' in 'where clause'","level":"error","message":"mainDb query failed:","sql":"SELECT \n            SUM(payment) AS total_paid,\n            COUNT(*) AS payment_count,\n            MIN(payment_date) AS first_payment_date,\n            MAX(payment_date) AS last_payment_date\n          FROM payments\n          WHERE loan_code = ?\n            AND payment_date < ?\n            AND payment_type IN ('cash', 'CDK', 'Online Payment', 'Bank Deposit')\n            AND status = 'approved'","timestamp":"2026-08-10T07:22:28.753Z"}
{"level":"error","message":"[InterestIncome] Error processing loan G11/300/001/01/20260804:","timestamp":"2026-08-10T07:22:28.753Z"}
{"level":"error","message":"[InterestIncome] Record data:","timestamp":"2026-08-10T07:22:28.754Z"}
{"error":"Table 'goldenasia_db.usertable' doesn't exist","level":"error","message":"adminDb query failed:","sql":"\n      SELECT \n        id,\n        name,\n        email,\n        code as emp_no,\n        bname as branch,\n        bcode,\n        status,\n        user_status,\n        created_at as join_date\n      FROM usertable \n      WHERE status = 'active'\n      ORDER BY name ASC\n    ","timestamp":"2026-08-13T05:59:39.810Z"}
{"level":"error","message":"Unhandled error: Failed to fetch employees: Table 'goldenasia_db.usertable' doesn't exist","path":"/api/payroll/employees","stack":"Error: Failed to fetch employees: Table 'goldenasia_db.usertable' doesn't exist\n    at Object.getemployees (D:\\Golden Asia\\ACCPAY\\backend\\admin-goldenasia-backend\\src\\services\\payroll.service.js:122:11)\n    at process.processTicksAndRejections (node:internal/process/task_queues:103:5)\n    at async D:\\Golden Asia\\ACCPAY\\backend\\admin-goldenasia-backend\\src\\controllers\\payroll.controller.js:6:18","timestamp":"2026-08-13T05:59:39.839Z"}
{"error":"Table 'goldenasia_db.usertable' doesn't exist","level":"error","message":"adminDb query failed:","sql":"\n      SELECT \n        id,\n        name,\n        email,\n        code as emp_no,\n        bname as branch,\n        bcode,\n        status,\n        user_status,\n        created_at as join_date\n      FROM usertable \n      WHERE status = 'active'\n      ORDER BY name ASC\n    ","timestamp":"2026-08-13T05:59:40.048Z"}
{"level":"error","message":"Unhandled error: Failed to fetch employees: Table 'goldenasia_db.usertable' doesn't exist","path":"/api/payroll/employees","stack":"Error: Failed to fetch employees: Table 'goldenasia_db.usertable' doesn't exist\n    at Object.getemployees (D:\\Golden Asia\\ACCPAY\\backend\\admin-goldenasia-backend\\src\\services\\payroll.service.js:122:11)\n    at process.processTicksAndRejections (node:internal/process/task_queues:103:5)\n    at async D:\\Golden Asia\\ACCPAY\\backend\\admin-goldenasia-backend\\src\\controllers\\payroll.controller.js:6:18","timestamp":"2026-08-13T05:59:40.049Z"}
{"error":"Unknown column 'created_at' in 'field list'","level":"error","message":"mainDb query failed:","sql":"\n      SELECT \n        id,\n        name,\n        email,\n        code as emp_no,\n        bname as branch,\n        bcode,\n        status,\n        user_status,\n        created_at as join_date\n      FROM usertable \n      WHERE status = 'active'\n      ORDER BY name ASC\n    ","timestamp":"2026-08-13T06:01:21.837Z"}
{"level":"error","message":"Unhandled error: Failed to fetch employees: Unknown column 'created_at' in 'field list'","path":"/api/payroll/employees","stack":"Error: Failed to fetch employees: Unknown column 'created_at' in 'field list'\n    at Object.getemployees (D:\\Golden Asia\\ACCPAY\\backend\\admin-goldenasia-backend\\src\\services\\payroll.service.js:122:11)\n    at process.processTicksAndRejections (node:internal/process/task_queues:103:5)\n    at async D:\\Golden Asia\\ACCPAY\\backend\\admin-goldenasia-backend\\src\\controllers\\payroll.controller.js:6:18","timestamp":"2026-08-13T06:01:21.841Z"}
{"error":"Unknown column 'created_at' in 'field list'","level":"error","message":"mainDb query failed:","sql":"\n      SELECT \n        id,\n        name,\n        email,\n        code as emp_no,\n        bname as branch,\n        bcode,\n        status,\n        user_status,\n        created_at as join_date\n      FROM usertable \n      WHERE status = 'active'\n      ORDER BY name ASC\n    ","timestamp":"2026-08-13T06:01:22.039Z"}
{"level":"error","message":"Unhandled error: Failed to fetch employees: Unknown column 'created_at' in 'field list'","path":"/api/payroll/employees","stack":"Error: Failed to fetch employees: Unknown column 'created_at' in 'field list'\n    at Object.getemployees (D:\\Golden Asia\\ACCPAY\\backend\\admin-goldenasia-backend\\src\\services\\payroll.service.js:122:11)\n    at process.processTicksAndRejections (node:internal/process/task_queues:103:5)\n    at async D:\\Golden Asia\\ACCPAY\\backend\\admin-goldenasia-backend\\src\\controllers\\payroll.controller.js:6:18","timestamp":"2026-08-13T06:01:22.040Z"}
{"error":"You have an error in your SQL syntax; check the manual that corresponds to your MySQL server version for the right syntax to use near 'FROM usertable \n      WHERE status = 'active'\n      ORDER BY name ASC' at line 10","level":"error","message":"mainDb query failed:","sql":"\n      SELECT \n        id,\n        name,\n        email,\n        code as emp_no,\n        bname as branch,\n        bcode,\n        status,\n        user_status,\n      FROM usertable \n      WHERE status = 'active'\n      ORDER BY name ASC\n    ","timestamp":"2026-08-13T06:01:59.075Z"}
{"level":"error","message":"Unhandled error: Failed to fetch employees: You have an error in your SQL syntax; check the manual that corresponds to your MySQL server version for the right syntax to use near 'FROM usertable \n      WHERE status = 'active'\n      ORDER BY name ASC' at line 10","path":"/api/payroll/employees","stack":"Error: Failed to fetch employees: You have an error in your SQL syntax; check the manual that corresponds to your MySQL server version for the right syntax to use near 'FROM usertable \n      WHERE status = 'active'\n      ORDER BY name ASC' at line 10\n    at Object.getemployees (D:\\Golden Asia\\ACCPAY\\backend\\admin-goldenasia-backend\\src\\services\\payroll.service.js:121:11)\n    at process.processTicksAndRejections (node:internal/process/task_queues:103:5)\n    at async D:\\Golden Asia\\ACCPAY\\backend\\admin-goldenasia-backend\\src\\controllers\\payroll.controller.js:6:18","timestamp":"2026-08-13T06:01:59.078Z"}
{"error":"You have an error in your SQL syntax; check the manual that corresponds to your MySQL server version for the right syntax to use near 'FROM usertable \n      WHERE status = 'active'\n      ORDER BY name ASC' at line 10","level":"error","message":"mainDb query failed:","sql":"\n      SELECT \n        id,\n        name,\n        email,\n        code as emp_no,\n        bname as branch,\n        bcode,\n        status,\n        user_status,\n      FROM usertable \n      WHERE status = 'active'\n      ORDER BY name ASC\n    ","timestamp":"2026-08-13T06:01:59.264Z"}
{"level":"error","message":"Unhandled error: Failed to fetch employees: You have an error in your SQL syntax; check the manual that corresponds to your MySQL server version for the right syntax to use near 'FROM usertable \n      WHERE status = 'active'\n      ORDER BY name ASC' at line 10","path":"/api/payroll/employees","stack":"Error: Failed to fetch employees: You have an error in your SQL syntax; check the manual that corresponds to your MySQL server version for the right syntax to use near 'FROM usertable \n      WHERE status = 'active'\n      ORDER BY name ASC' at line 10\n    at Object.getemployees (D:\\Golden Asia\\ACCPAY\\backend\\admin-goldenasia-backend\\src\\services\\payroll.service.js:121:11)\n    at process.processTicksAndRejections (node:internal/process/task_queues:103:5)\n    at async D:\\Golden Asia\\ACCPAY\\backend\\admin-goldenasia-backend\\src\\controllers\\payroll.controller.js:6:18","timestamp":"2026-08-13T06:01:59.264Z"}
{"error":"Table 'goldenasia_db.usertable' doesn't exist","level":"error","message":"adminDb query failed:","sql":"\n      SELECT \n        id,\n        name,\n        email,\n        code as emp_no,\n        bname as branch,\n        bcode,\n        status,\n        user_status,\n        created_at as join_date\n      FROM usertable \n      WHERE status = 'active'\n      ORDER BY name ASC\n    ","timestamp":"2026-08-13T06:06:43.967Z"}
{"level":"error","message":"Unhandled error: Failed to fetch employees: Table 'goldenasia_db.usertable' doesn't exist","path":"/api/payroll/employees","stack":"Error: Failed to fetch employees: Table 'goldenasia_db.usertable' doesn't exist\n    at Object.getemployees (D:\\Golden Asia\\ACCPAY\\backend\\admin-goldenasia-backend\\src\\services\\payroll.service.js:123:11)\n    at process.processTicksAndRejections (node:internal/process/task_queues:103:5)\n    at async D:\\Golden Asia\\ACCPAY\\backend\\admin-goldenasia-backend\\src\\controllers\\payroll.controller.js:6:18","timestamp":"2026-08-13T06:06:43.975Z"}
{"error":"Table 'goldenasia_db.usertable' doesn't exist","level":"error","message":"adminDb query failed:","sql":"\n      SELECT \n        id,\n        name,\n        email,\n        code as emp_no,\n        bname as branch,\n        bcode,\n        status,\n        user_status,\n        created_at as join_date\n      FROM usertable \n      WHERE status = 'active'\n      ORDER BY name ASC\n    ","timestamp":"2026-08-13T06:06:44.233Z"}
{"level":"error","message":"Unhandled error: Failed to fetch employees: Table 'goldenasia_db.usertable' doesn't exist","path":"/api/payroll/employees","stack":"Error: Failed to fetch employees: Table 'goldenasia_db.usertable' doesn't exist\n    at Object.getemployees (D:\\Golden Asia\\ACCPAY\\backend\\admin-goldenasia-backend\\src\\services\\payroll.service.js:123:11)\n    at process.processTicksAndRejections (node:internal/process/task_queues:103:5)\n    at async D:\\Golden Asia\\ACCPAY\\backend\\admin-goldenasia-backend\\src\\controllers\\payroll.controller.js:6:18","timestamp":"2026-08-13T06:06:44.234Z"}
{"level":"error","message":"[MAIN_DB] health check failed: connect ETIMEDOUT","timestamp":"2026-08-13T06:07:23.802Z"}
{"level":"error","message":"[ADMIN_DB] health check failed: connect ETIMEDOUT","timestamp":"2026-08-13T06:07:23.805Z"}
{"level":"error","message":"Startup DB check failed for MAIN_DB: connect ETIMEDOUT","timestamp":"2026-08-13T06:07:23.807Z"}
{"level":"error","message":"Startup DB check failed for ADMIN_DB: connect ETIMEDOUT","timestamp":"2026-08-13T06:07:23.808Z"}
{"error":"connect ETIMEDOUT","level":"error","message":"mainDb query failed:","sql":"\n      SELECT \n        id,\n        name,\n        email,\n        code as emp_no,\n        bname as branch,\n        bcode,\n        status,\n        user_status\n      FROM usertable \n      WHERE status = 'active'\n      ORDER BY name ASC\n    ","timestamp":"2026-08-13T06:07:40.657Z"}
{"level":"error","message":"Unhandled error: Failed to fetch employees: connect ETIMEDOUT","path":"/api/payroll/employees","stack":"Error: Failed to fetch employees: connect ETIMEDOUT\n    at Object.getemployees (D:\\Golden Asia\\ACCPAY\\backend\\admin-goldenasia-backend\\src\\services\\payroll.service.js:122:11)\n    at process.processTicksAndRejections (node:internal/process/task_queues:103:5)\n    at async D:\\Golden Asia\\ACCPAY\\backend\\admin-goldenasia-backend\\src\\controllers\\payroll.controller.js:6:18","timestamp":"2026-08-13T06:07:40.665Z"}
{"error":"connect ETIMEDOUT","level":"error","message":"mainDb query failed:","sql":"\n      SELECT \n        id,\n        name,\n        email,\n        code as emp_no,\n        bname as branch,\n        bcode,\n        status,\n        user_status\n      FROM usertable \n      WHERE status = 'active'\n      ORDER BY name ASC\n    ","timestamp":"2026-08-13T06:07:50.686Z"}
{"level":"error","message":"Unhandled error: Failed to fetch employees: connect ETIMEDOUT","path":"/api/payroll/employees","stack":"Error: Failed to fetch employees: connect ETIMEDOUT\n    at Object.getemployees (D:\\Golden Asia\\ACCPAY\\backend\\admin-goldenasia-backend\\src\\services\\payroll.service.js:122:11)\n    at process.processTicksAndRejections (node:internal/process/task_queues:103:5)\n    at async D:\\Golden Asia\\ACCPAY\\backend\\admin-goldenasia-backend\\src\\controllers\\payroll.controller.js:6:18","timestamp":"2026-08-13T06:07:50.689Z"}
{"error":"connect ETIMEDOUT","level":"error","message":"mainDb query failed:","sql":"\n      SELECT \n        id,\n        name,\n        email,\n        code as emp_no,\n        bname as branch,\n        bcode,\n        status,\n        user_status\n      FROM usertable \n      WHERE status = 'active'\n      ORDER BY name ASC\n    ","timestamp":"2026-08-13T06:08:03.097Z"}
{"level":"error","message":"Unhandled error: Failed to fetch employees: connect ETIMEDOUT","path":"/api/payroll/employees","stack":"Error: Failed to fetch employees: connect ETIMEDOUT\n    at Object.getemployees (D:\\Golden Asia\\ACCPAY\\backend\\admin-goldenasia-backend\\src\\services\\payroll.service.js:122:11)\n    at process.processTicksAndRejections (node:internal/process/task_queues:103:5)\n    at async D:\\Golden Asia\\ACCPAY\\backend\\admin-goldenasia-backend\\src\\controllers\\payroll.controller.js:6:18","timestamp":"2026-08-13T06:08:03.100Z"}
{"error":"connect ETIMEDOUT","level":"error","message":"mainDb query failed:","sql":"\n      SELECT \n        id,\n        name,\n        email,\n        code as emp_no,\n        bname as branch,\n        bcode,\n        status,\n        user_status\n      FROM usertable \n      WHERE status = 'active'\n      ORDER BY name ASC\n    ","timestamp":"2026-08-13T06:08:13.118Z"}
{"level":"error","message":"Unhandled error: Failed to fetch employees: connect ETIMEDOUT","path":"/api/payroll/employees","stack":"Error: Failed to fetch employees: connect ETIMEDOUT\n    at Object.getemployees (D:\\Golden Asia\\ACCPAY\\backend\\admin-goldenasia-backend\\src\\services\\payroll.service.js:122:11)\n    at process.processTicksAndRejections (node:internal/process/task_queues:103:5)\n    at async D:\\Golden Asia\\ACCPAY\\backend\\admin-goldenasia-backend\\src\\controllers\\payroll.controller.js:6:18","timestamp":"2026-08-13T06:08:13.119Z"}
{"level":"error","message":"[MAIN_DB] health check failed: connect ETIMEDOUT","timestamp":"2026-08-13T06:08:53.924Z"}
{"level":"error","message":"[ADMIN_DB] health check failed: connect ETIMEDOUT","timestamp":"2026-08-13T06:08:53.927Z"}
{"level":"error","message":"Startup DB check failed for MAIN_DB: connect ETIMEDOUT","timestamp":"2026-08-13T06:08:53.928Z"}
{"level":"error","message":"Startup DB check failed for ADMIN_DB: connect ETIMEDOUT","timestamp":"2026-08-13T06:08:53.930Z"}
{"level":"error","message":"[MAIN_DB] health check failed: connect ETIMEDOUT","timestamp":"2026-08-13T06:09:38.498Z"}
{"level":"error","message":"[ADMIN_DB] health check failed: connect ETIMEDOUT","timestamp":"2026-08-13T06:09:38.499Z"}
{"level":"error","message":"Startup DB check failed for MAIN_DB: connect ETIMEDOUT","timestamp":"2026-08-13T06:09:38.499Z"}
{"level":"error","message":"Startup DB check failed for ADMIN_DB: connect ETIMEDOUT","timestamp":"2026-08-13T06:09:38.500Z"}
{"error":"Table 'goldenasia_db.usertable' doesn't exist","level":"error","message":"adminDb query failed:","sql":"\n      SELECT \n        id,\n        name,\n        email,\n        code,\n        bname,\n        bcode,\n        status,\n        user_status\n      FROM usertable \n      WHERE status = 'active'\n      ORDER BY name ASC\n    ","timestamp":"2026-08-13T06:13:22.252Z"}
{"level":"error","message":"Unhandled error: Failed to fetch employees: Table 'goldenasia_db.usertable' doesn't exist","path":"/api/payroll/employees","stack":"Error: Failed to fetch employees: Table 'goldenasia_db.usertable' doesn't exist\n    at Object.getemployees (D:\\Golden Asia\\ACCPAY\\backend\\admin-goldenasia-backend\\src\\services\\payroll.service.js:118:11)\n    at process.processTicksAndRejections (node:internal/process/task_queues:103:5)\n    at async D:\\Golden Asia\\ACCPAY\\backend\\admin-goldenasia-backend\\src\\controllers\\payroll.controller.js:6:18","timestamp":"2026-08-13T06:13:22.257Z"}
{"error":"Table 'goldenasia_db.usertable' doesn't exist","level":"error","message":"adminDb query failed:","sql":"\n      SELECT \n        id,\n        name,\n        email,\n        code,\n        bname,\n        bcode,\n        status,\n        user_status\n      FROM usertable \n      WHERE status = 'active'\n      ORDER BY name ASC\n    ","timestamp":"2026-08-13T06:13:22.465Z"}
{"level":"error","message":"Unhandled error: Failed to fetch employees: Table 'goldenasia_db.usertable' doesn't exist","path":"/api/payroll/employees","stack":"Error: Failed to fetch employees: Table 'goldenasia_db.usertable' doesn't exist\n    at Object.getemployees (D:\\Golden Asia\\ACCPAY\\backend\\admin-goldenasia-backend\\src\\services\\payroll.service.js:118:11)\n    at process.processTicksAndRejections (node:internal/process/task_queues:103:5)\n    at async D:\\Golden Asia\\ACCPAY\\backend\\admin-goldenasia-backend\\src\\controllers\\payroll.controller.js:6:18","timestamp":"2026-08-13T06:13:22.466Z"}
{"level":"error","message":"Unhandled error: Failed to fetch employees: rows.map is not a function","path":"/api/payroll/employees","stack":"Error: Failed to fetch employees: rows.map is not a function\n    at Object.getemployees (D:\\Golden Asia\\ACCPAY\\backend\\admin-goldenasia-backend\\src\\services\\payroll.service.js:118:11)\n    at process.processTicksAndRejections (node:internal/process/task_queues:103:5)\n    at async D:\\Golden Asia\\ACCPAY\\backend\\admin-goldenasia-backend\\src\\controllers\\payroll.controller.js:6:18","timestamp":"2026-08-13T06:14:31.552Z"}
{"level":"error","message":"Unhandled error: Failed to fetch employees: rows.map is not a function","path":"/api/payroll/employees","stack":"Error: Failed to fetch employees: rows.map is not a function\n    at Object.getemployees (D:\\Golden Asia\\ACCPAY\\backend\\admin-goldenasia-backend\\src\\services\\payroll.service.js:118:11)\n    at process.processTicksAndRejections (node:internal/process/task_queues:103:5)\n    at async D:\\Golden Asia\\ACCPAY\\backend\\admin-goldenasia-backend\\src\\controllers\\payroll.controller.js:6:18","timestamp":"2026-08-13T06:14:31.746Z"}
{"level":"error","message":"[MAIN_DB] health check failed: connect ETIMEDOUT","timestamp":"2026-08-19T03:57:47.444Z"}
{"level":"error","message":"[ADMIN_DB] health check failed: connect ETIMEDOUT","timestamp":"2026-08-19T03:57:47.445Z"}
{"level":"error","message":"Startup DB check failed for MAIN_DB: connect ETIMEDOUT","timestamp":"2026-08-19T03:57:47.446Z"}
{"level":"error","message":"Startup DB check failed for ADMIN_DB: connect ETIMEDOUT","timestamp":"2026-08-19T03:57:47.446Z"}
{"level":"error","message":"[MAIN_DB] health check failed: connect ETIMEDOUT","timestamp":"2026-08-19T03:59:23.439Z"}
{"level":"error","message":"Startup DB check failed for MAIN_DB: connect ETIMEDOUT","timestamp":"2026-08-19T03:59:23.862Z"}
{"level":"error","message":"[MAIN_DB] health check failed: connect ETIMEDOUT","timestamp":"2026-08-19T03:59:43.608Z"}
{"level":"error","message":"Startup DB check failed for MAIN_DB: connect ETIMEDOUT","timestamp":"2026-08-19T03:59:43.610Z"}
{"error":"connect ETIMEDOUT","level":"error","message":"mainDb query failed:","sql":"SELECT name FROM branch\n         WHERE bcode = ? AND center = ? AND ccode = ?\n         LIMIT 1","timestamp":"2026-08-19T04:11:33.475Z"}
{"level":"error","message":"[interestIncome] Failed for loan_code=G03/112/001/05/20260617:","timestamp":"2026-08-19T04:11:33.477Z"}
{"level":"error","message":"[MAIN_DB] health check failed: connect ETIMEDOUT","timestamp":"2026-08-19T04:16:23.911Z"}
{"level":"error","message":"Startup DB check failed for MAIN_DB: connect ETIMEDOUT","timestamp":"2026-08-19T04:16:23.912Z"}
{"level":"error","message":"[MAIN_DB] health check failed: connect ETIMEDOUT","timestamp":"2026-08-19T04:31:22.334Z"}
{"level":"error","message":"Startup DB check failed for MAIN_DB: connect ETIMEDOUT","timestamp":"2026-08-19T04:31:22.334Z"}
{"level":"error","message":"[MAIN_DB] health check failed: connect ETIMEDOUT","timestamp":"2026-08-19T04:59:13.886Z"}
{"level":"error","message":"Startup DB check failed for MAIN_DB: connect ETIMEDOUT","timestamp":"2026-08-19T04:59:13.888Z"}
{"level":"error","message":"[ADMIN_DB] health check failed: connect ETIMEDOUT","timestamp":"2026-08-19T05:42:22.794Z"}
{"level":"error","message":"Startup DB check failed for ADMIN_DB: connect ETIMEDOUT","timestamp":"2026-08-19T05:42:22.796Z"}
